id,created,updated,filename,extension,mimeType,bytes,references,sourceTypes,sourceDocs,url
file-684d55b392b1a3928c793dbdc09369aea009a9ea-json,2025-05-28T20:57:46Z,2025-05-28T20:57:46Z,Input UI 2.json,json,application/json,55603,0,,,https://cdn.sanity.io/files/e5fj2khm/production/684d55b392b1a3928c793dbdc09369aea009a9ea.json
file-da39a3ee5e6b4b0d3255bfef95601890afd80709-json,2025-06-02T01:36:47Z,2025-06-02T01:36:47Z,Learn - DUMMY.json,json,application/json,0,0,,,https://cdn.sanity.io/files/e5fj2khm/production/da39a3ee5e6b4b0d3255bfef95601890afd80709.json
file-238f5ef8920e42d698028a14026602700cac38e2-json,2025-06-02T14:59:02Z,2025-06-02T14:59:02Z,Plan - Input UI.json,json,application/json,437807,0,,,https://cdn.sanity.io/files/e5fj2khm/production/238f5ef8920e42d698028a14026602700cac38e2.json
file-2b6021b1d9d79d8e95df33ced514a62bfb58b8a2-json,2025-06-02T18:03:47Z,2025-06-02T18:03:47Z,Dia - Learn - v2.json,json,application/json,7204333,0,,,https://cdn.sanity.io/files/e5fj2khm/production/2b6021b1d9d79d8e95df33ced514a62bfb58b8a2.json
file-94642f263074c3a3e27a55adbf26dffb19949139-json,2025-06-02T18:03:58Z,2025-06-02T18:03:58Z,Dia - Plan - v2.json,json,application/json,435850,0,,,https://cdn.sanity.io/files/e5fj2khm/production/94642f263074c3a3e27a55adbf26dffb19949139.json
file-723cbee982844b25c28dd4f58309ff375eac9430-json,2025-06-02T18:04:20Z,2025-06-02T18:04:20Z,Dia - Shop - v2.json,json,application/json,1183057,0,,,https://cdn.sanity.io/files/e5fj2khm/production/723cbee982844b25c28dd4f58309ff375eac9430.json
file-be49ace23fa898394f8245fa1ce0054c953a55d2-json,2025-06-04T13:48:11Z,2025-06-04T13:48:11Z,Dia - Learn.json,json,application/json,7205518,0,,,https://cdn.sanity.io/files/e5fj2khm/production/be49ace23fa898394f8245fa1ce0054c953a55d2.json
file-5926e1f563b5e175be1783cd9e76aba4f62e2ad4-json,2025-06-04T13:48:20Z,2025-06-04T13:48:20Z,Dia - Plan.json,json,application/json,907732,0,,,https://cdn.sanity.io/files/e5fj2khm/production/5926e1f563b5e175be1783cd9e76aba4f62e2ad4.json
file-df33e8a5d2ad5fe386a2878ede9f82ff5e3d4aaf-json,2025-06-04T13:48:30Z,2025-06-04T13:48:30Z,Dia - Shop.json,json,application/json,1184116,0,,,https://cdn.sanity.io/files/e5fj2khm/production/df33e8a5d2ad5fe386a2878ede9f82ff5e3d4aaf.json
file-c1622475381cea22ea43c2a789fdbfeaa6207941-json,2025-06-04T13:48:42Z,2025-06-04T13:48:42Z,Dia - Write.json,json,application/json,472118,0,,,https://cdn.sanity.io/files/e5fj2khm/production/c1622475381cea22ea43c2a789fdbfeaa6207941.json
file-fe7b2afa42ad76f27db5e405daab6cbf8cca2b33-json,2025-06-05T18:21:31Z,2025-06-05T18:21:31Z,Dia - Plan (4s).json,json,application/json,908366,0,,,https://cdn.sanity.io/files/e5fj2khm/production/fe7b2afa42ad76f27db5e405daab6cbf8cca2b33.json
file-9216097bbb35dacc0166f4ac67a447859b4a703b-json,2025-06-06T14:46:36Z,2025-06-06T14:46:36Z,Dia - Chat (3s).json,json,application/json,335035,0,,,https://cdn.sanity.io/files/e5fj2khm/production/9216097bbb35dacc0166f4ac67a447859b4a703b.json
file-f22e33a02c4be0e5de92ce24855d0e7b4e1ff7e3-json,2025-06-06T14:46:45Z,2025-06-06T14:46:45Z,Dia - Write (3s).json,json,application/json,472588,0,,,https://cdn.sanity.io/files/e5fj2khm/production/f22e33a02c4be0e5de92ce24855d0e7b4e1ff7e3.json
file-ea21a1a68efa31acf42689ee63ec4bb505ad4d73-json,2025-06-06T14:46:54Z,2025-06-06T14:46:54Z,Dia - Learn (3s).json,json,application/json,7206815,0,,,https://cdn.sanity.io/files/e5fj2khm/production/ea21a1a68efa31acf42689ee63ec4bb505ad4d73.json
file-4456167009213d7cba7c05f827cc880b1219fd54-json,2025-06-06T14:47:21Z,2025-06-06T14:47:21Z,Dia - Plan (3s).json,json,application/json,760257,0,,,https://cdn.sanity.io/files/e5fj2khm/production/4456167009213d7cba7c05f827cc880b1219fd54.json
file-4f3f8cc32ffcf37db8a0f36658c361d80e4081ef-json,2025-06-06T14:47:33Z,2025-06-06T14:47:33Z,Dia - Shop (3s).json,json,application/json,1185420,0,,,https://cdn.sanity.io/files/e5fj2khm/production/4f3f8cc32ffcf37db8a0f36658c361d80e4081ef.json
