id,created,updated,assetId,durationSeconds,aspectRatio,maxResolution,playbackId,streamUrl,posterUrl,references,sourceTypes,sourceDocs
759f2c05-d3f2-42f4-9526-930b3999db02,2025-05-21T01:43:21Z,2025-05-21T01:43:40Z,Pg01bwT3TJBaXeMmPwIHMwlqFl4Mj1Cvsssko32yIS4Q,6.006,1024:593,UHD,CPaDQGcgDS8dXVc5qRfjeQXmt9ZkOJeAa5xKhQJ00J00c,https://stream.mux.com/CPaDQGcgDS8dXVc5qRfjeQXmt9ZkOJeAa5xKhQJ00J00c.m3u8,https://image.mux.com/CPaDQGcgDS8dXVc5qRfjeQXmt9ZkOJeAa5xKhQJ00J00c/thumbnail.jpg?time=0,0,,
766bb7b7-8d4f-45fb-8e37-014d974006a4,2025-05-21T01:43:54Z,2025-05-21T01:44:43Z,aMzlaiOXJDWTps00aBsHESdXEscjVvpCvZzJKKMAxCSQ,6.042667,1050:419,UHD,C00dQMnocpgiLABkukVDHoVvyoiUO4XHp17nMgvEG9lE,https://stream.mux.com/C00dQMnocpgiLABkukVDHoVvyoiUO4XHp17nMgvEG9lE.m3u8,https://image.mux.com/C00dQMnocpgiLABkukVDHoVvyoiUO4XHp17nMgvEG9lE/thumbnail.jpg?time=0,0,,
842f9b11-6830-4bed-b525-f278b3fea5e9,2025-05-21T01:43:59Z,2025-05-21T01:45:22Z,sH3NVnJho2zmeA9dW1Gltd3xVf2PtqAaHLtGycxZeFc,20.042667,8:7,HD,WbJFyLD6mxcMXPqN3eHeWBc2GS3k1dCKhN4wgDBr3KU,https://stream.mux.com/WbJFyLD6mxcMXPqN3eHeWBc2GS3k1dCKhN4wgDBr3KU.m3u8,https://image.mux.com/WbJFyLD6mxcMXPqN3eHeWBc2GS3k1dCKhN4wgDBr3KU/thumbnail.jpg?time=0,0,,
b3a6d34d-a18b-4112-abde-cdd307de3092,2025-05-23T01:14:51Z,2025-05-23T01:18:10Z,MbMDCL2WHbNvJWR601XtpGDXotPHW00Gc02xAZFKY5w6eM,17.533333,58:45,HD,9NhgaJubuoIzbO6901BmDHZPm02eh94SMVxhmz01oUz0014,https://stream.mux.com/9NhgaJubuoIzbO6901BmDHZPm02eh94SMVxhmz01oUz0014.m3u8,https://image.mux.com/9NhgaJubuoIzbO6901BmDHZPm02eh94SMVxhmz01oUz0014/thumbnail.jpg?time=0,0,,
fde65a10-a945-47d6-828a-9c9a3adb2144,2025-05-26T16:40:32Z,2025-05-26T16:40:51Z,3u9KoyU9UXAVlrCp01t4R1LkVYy88002ZdcYfQQWuRoBg,16,16:9,HD,R5PRjj4b802UnLZ6d57s02LBsshvv00hYir1ZV8k5zF8T4,https://stream.mux.com/R5PRjj4b802UnLZ6d57s02LBsshvv00hYir1ZV8k5zF8T4.m3u8,https://image.mux.com/R5PRjj4b802UnLZ6d57s02LBsshvv00hYir1ZV8k5zF8T4/thumbnail.jpg?time=0,0,,
8a158614-8514-4e1d-b465-fa1b0aae30fb,2025-05-26T16:41:20Z,2025-05-26T16:50:41Z,lGehrHNubC5rRyW101YDm5d01fMRg4H02aUf7UUVow027zo,671.958333,16:9,UHD,hLPn01WUFXHxNWqy4vFACkZB2h8DNaMSK7MbNvc5qPhg,https://stream.mux.com/hLPn01WUFXHxNWqy4vFACkZB2h8DNaMSK7MbNvc5qPhg.m3u8,https://image.mux.com/hLPn01WUFXHxNWqy4vFACkZB2h8DNaMSK7MbNvc5qPhg/thumbnail.jpg?time=0,0,,
85e8d3ed-4a22-45b9-a81a-1cdbed4f5431,2025-06-03T19:31:41Z,2025-06-03T19:31:58Z,TQWpvOHsB02WSXrFo01Pr600pcI46wiQyTOWDJ2Dag02x1U,9.183333,4:3,HD,KdfvHSB2nj6VM5wZzdVblpOn9hlByp00GRXO0000GhOXj8,https://stream.mux.com/KdfvHSB2nj6VM5wZzdVblpOn9hlByp00GRXO0000GhOXj8.m3u8,https://image.mux.com/KdfvHSB2nj6VM5wZzdVblpOn9hlByp00GRXO0000GhOXj8/thumbnail.jpg?time=0,0,,
3caecd2d-5551-4609-935b-00c6d74501be,2025-06-04T01:10:34Z,2025-06-04T01:13:34Z,UFeBPBVeFpVx4do900JxiZkrfdIimk52ySMM01MABUgPs,11.033333,4:3,HD,h02zXcRrQfs4UHPbSvcrnB57DzM026P6TnAvXahpjOJTc,https://stream.mux.com/h02zXcRrQfs4UHPbSvcrnB57DzM026P6TnAvXahpjOJTc.m3u8,https://image.mux.com/h02zXcRrQfs4UHPbSvcrnB57DzM026P6TnAvXahpjOJTc/thumbnail.jpg?time=0,0,,
7bb8db5d-131e-43e4-b738-b094dfbf0865,2025-06-04T01:11:48Z,2025-06-04T01:12:03Z,92CX01s35wBRWG01QJxMu01VFirtmHVDy01nJMYrkF9yhU4,12.566667,4:3,HD,jc0161IiNZ9wsZW4D1xs02Qysy6hXDvvdqQR4yLy9ax01A,https://stream.mux.com/jc0161IiNZ9wsZW4D1xs02Qysy6hXDvvdqQR4yLy9ax01A.m3u8,https://image.mux.com/jc0161IiNZ9wsZW4D1xs02Qysy6hXDvvdqQR4yLy9ax01A/thumbnail.jpg?time=0,0,,
dc50e94c-abe3-486a-b6b7-929ba6ababc1,2025-06-04T01:13:10Z,2025-06-04T01:13:42Z,tBCbBe5ITAn59DBTV200UvX7LIPeA5fIkBMrA6THgVyc,8.25,4:3,HD,Nycw93ewqTHcKm00n51pSU02OP01RcGedDm02vOQm2Mi3qc,https://stream.mux.com/Nycw93ewqTHcKm00n51pSU02OP01RcGedDm02vOQm2Mi3qc.m3u8,https://image.mux.com/Nycw93ewqTHcKm00n51pSU02OP01RcGedDm02vOQm2Mi3qc/thumbnail.jpg?time=0,0,,
2b6bb200-b579-4751-bd60-2b5a1667a7ec,2025-06-04T01:16:49Z,2025-06-04T01:17:03Z,Zn2254S02k3e2vZWxfcw25e02G01PoYASbHPgy3KNUDa3w,11.033333,4:3,HD,sIgbymLnluPQPOqWXFoEwnBzVI6JuqgsCcyl9lclVIE,https://stream.mux.com/sIgbymLnluPQPOqWXFoEwnBzVI6JuqgsCcyl9lclVIE.m3u8,https://image.mux.com/sIgbymLnluPQPOqWXFoEwnBzVI6JuqgsCcyl9lclVIE/thumbnail.jpg?time=0,0,,
b9742d7c-4951-4b09-92d6-761d12c797ce,2025-06-04T01:19:07Z,2025-06-04T01:19:24Z,jWF5fkOyQcjFMrNpouotobSjKpZCWL16DuT9jqRjbQ4,11.033333,4:3,HD,Drnr2CLojru2wznuftqxYBQFkDaNJ1w5pei01cJroovw,https://stream.mux.com/Drnr2CLojru2wznuftqxYBQFkDaNJ1w5pei01cJroovw.m3u8,https://image.mux.com/Drnr2CLojru2wznuftqxYBQFkDaNJ1w5pei01cJroovw/thumbnail.jpg?time=0,0,,
fcd4191b-9b5d-46b3-8376-46037c83adc4,2025-06-04T14:57:48Z,2025-06-04T14:58:04Z,s4i4prQO4F28Yrh9FE5Zypt663EiAoLe2uyevPDPi9s,12.566667,4:3,HD,zybqUCuARahPBGuoyicIMiBmIxtU7xIUgaY72ZEX02Zw,https://stream.mux.com/zybqUCuARahPBGuoyicIMiBmIxtU7xIUgaY72ZEX02Zw.m3u8,https://image.mux.com/zybqUCuARahPBGuoyicIMiBmIxtU7xIUgaY72ZEX02Zw/thumbnail.jpg?time=0,0,,
4c36f3a4-4430-4df9-ae34-7e136be70ca3,2025-06-04T15:03:22Z,2025-06-04T15:03:45Z,l5AZy7va012Hn2YMoylQmZczFjX2PApg88USZaJW3KUA,8.25,4:3,HD,SMJaw02xnnceka8uAB401xUk01VPNot019vH9HDjzPSc5ZA,https://stream.mux.com/SMJaw02xnnceka8uAB401xUk01VPNot019vH9HDjzPSc5ZA.m3u8,https://image.mux.com/SMJaw02xnnceka8uAB401xUk01VPNot019vH9HDjzPSc5ZA/thumbnail.jpg?time=0,0,,
54b82fe9-334a-445e-839c-bf521fcaaf83,2025-06-04T15:05:59Z,2025-06-04T15:06:15Z,MbAnKhxNZ8EAKkS1g7gJG1k9WO00xD8PCNJkRGIBd444,9.35,4:3,HD,PVwHQpE41mYV4SAr7TTmBJm2Umww2BridbBwt4Xo7kM,https://stream.mux.com/PVwHQpE41mYV4SAr7TTmBJm2Umww2BridbBwt4Xo7kM.m3u8,https://image.mux.com/PVwHQpE41mYV4SAr7TTmBJm2Umww2BridbBwt4Xo7kM/thumbnail.jpg?time=0,0,,
46202382-1ec5-40bb-a5c2-b29c557d8a74,2025-06-04T15:07:41Z,2025-06-04T15:07:58Z,W7sfOlQ115fCaBPEh01OQo4HAtfzrWI3YltNww3f2o2Y,9.733333,4:3,HD,2YwRz8cBEHZJeXFrsn5G4XR5BF6dkw3OuSYDbHutXVU,https://stream.mux.com/2YwRz8cBEHZJeXFrsn5G4XR5BF6dkw3OuSYDbHutXVU.m3u8,https://image.mux.com/2YwRz8cBEHZJeXFrsn5G4XR5BF6dkw3OuSYDbHutXVU/thumbnail.jpg?time=0,0,,
ecd652ae-32a6-4836-a630-01d22151e03e,2025-06-04T15:29:39Z,2025-06-04T15:29:53Z,2uIDyUdBtEkShcyLfeolLyIM1QOt8cLtlnul9vzwmLk,11.533333,4:3,HD,SeoJLWBhfpUciIsNz5fAWswvWqDwblHnCKp5z502Nbzk,https://stream.mux.com/SeoJLWBhfpUciIsNz5fAWswvWqDwblHnCKp5z502Nbzk.m3u8,https://image.mux.com/SeoJLWBhfpUciIsNz5fAWswvWqDwblHnCKp5z502Nbzk/thumbnail.jpg?time=0,0,,
65a51cdb-687e-4e7a-b28d-c39d43485155,2025-06-04T15:32:57Z,2025-06-04T15:33:12Z,fiCzJiQGgfaN008rDZ00bKs00aouaHa000200tdkRcUH00Vdc8,15.233333,4:3,HD,CsXf1n59EEBv3ghJC5nX6CCpctYQH8JqQ6G8Rk3O46g,https://stream.mux.com/CsXf1n59EEBv3ghJC5nX6CCpctYQH8JqQ6G8Rk3O46g.m3u8,https://image.mux.com/CsXf1n59EEBv3ghJC5nX6CCpctYQH8JqQ6G8Rk3O46g/thumbnail.jpg?time=0,0,,
33614f96-98d8-4711-8fdc-8c792b5534d5,2025-06-05T15:54:42Z,2025-06-05T15:54:59Z,Vfpi3OmDED2oZMqEOlemF8hLXy1ezcEO92CmPV4e8a00,11.616667,4:3,HD,CsTpaPGeS1afSaAskRqyIjkcPUn3Qj01l6E7ABoBu1KY,https://stream.mux.com/CsTpaPGeS1afSaAskRqyIjkcPUn3Qj01l6E7ABoBu1KY.m3u8,https://image.mux.com/CsTpaPGeS1afSaAskRqyIjkcPUn3Qj01l6E7ABoBu1KY/thumbnail.jpg?time=0,0,,
aa2e9436-c686-440b-b479-1397744d26b2,2025-06-05T15:57:19Z,2025-06-05T15:57:33Z,lvpnZXl2hd8W2Q3lCaPwMjJ7LZPNo7oogSxVFiIQefs,11.5,337:270,HD,64OyZL1n8ZQgaMI81401jc9HSek2ioufHJMfekgMLooo,https://stream.mux.com/64OyZL1n8ZQgaMI81401jc9HSek2ioufHJMfekgMLooo.m3u8,https://image.mux.com/64OyZL1n8ZQgaMI81401jc9HSek2ioufHJMfekgMLooo/thumbnail.jpg?time=0,0,,
4d77c07f-3220-45c0-a466-3fdb616ce3ee,2025-06-05T15:58:25Z,2025-06-05T15:58:41Z,58IYSK01GeoL933scT8BCVEOIQk011B01YqjX9rj5zzmO4,12.266667,4:3,HD,jGbzKYB3eDeUJtR3iw8x1t5K9v6jUDjot454NSBJwPc,https://stream.mux.com/jGbzKYB3eDeUJtR3iw8x1t5K9v6jUDjot454NSBJwPc.m3u8,https://image.mux.com/jGbzKYB3eDeUJtR3iw8x1t5K9v6jUDjot454NSBJwPc/thumbnail.jpg?time=0,0,,
a408b7ea-0dd0-41a8-b876-e7095047ca39,2025-06-05T15:59:51Z,2025-06-05T16:00:08Z,502ceWu101hmWPcYbXRSyPw01wbOGNwbg02ef02EVlFyCW9k,10.2,4:3,HD,UBKSg00JNGMwMj02GUI6vlGzDyzQVPd5eEIi01eKIaJCOc,https://stream.mux.com/UBKSg00JNGMwMj02GUI6vlGzDyzQVPd5eEIi01eKIaJCOc.m3u8,https://image.mux.com/UBKSg00JNGMwMj02GUI6vlGzDyzQVPd5eEIi01eKIaJCOc/thumbnail.jpg?time=0,0,,
62d14a1c-b0f2-49c9-bcbf-c150ff0ce692,2025-06-05T16:03:25Z,2025-06-05T16:03:42Z,43leEeL8CUtT4szY8jB6UjscRD5wzzy00HlGdi01KAAKc,11.4,4:3,HD,vdofENZjqz02dKr7J7ZH8yD8M9T02LN47qRHwg1PhWHYA,https://stream.mux.com/vdofENZjqz02dKr7J7ZH8yD8M9T02LN47qRHwg1PhWHYA.m3u8,https://image.mux.com/vdofENZjqz02dKr7J7ZH8yD8M9T02LN47qRHwg1PhWHYA/thumbnail.jpg?time=0,0,,
4a76f7a0-d5b0-4bce-a8da-5d5de2ea2097,2025-06-05T16:04:29Z,2025-06-06T17:52:27Z,SP01lA3wkd4nqj6K7tZ3RpIfEKCi5ipabWichzPpcCaE,11.25,4:3,HD,P2aP2KWq4GERvnWT1qgKGe02BGoD1mfTBEz3YnHWqPfY,https://stream.mux.com/P2aP2KWq4GERvnWT1qgKGe02BGoD1mfTBEz3YnHWqPfY.m3u8,https://image.mux.com/P2aP2KWq4GERvnWT1qgKGe02BGoD1mfTBEz3YnHWqPfY/thumbnail.jpg?time=0,0,,
f56d1747-0540-47aa-8141-902377088cf0,2025-06-05T16:05:21Z,2025-06-05T16:05:37Z,dJczzovGXwa4CtX4JVE3O9QPm8vf1YOAyNJ900cYlXfo,13.833333,4:3,HD,ODDR01NcxfL5TZDFThMUw14dEHs02gA71wAmPhT2E7fK4,https://stream.mux.com/ODDR01NcxfL5TZDFThMUw14dEHs02gA71wAmPhT2E7fK4.m3u8,https://image.mux.com/ODDR01NcxfL5TZDFThMUw14dEHs02gA71wAmPhT2E7fK4/thumbnail.jpg?time=0,0,,
65d0e1fe-4b06-49c7-89af-c4873bc01949,2025-06-05T16:07:25Z,2025-06-05T16:07:40Z,GJ00mofom1D6YxHo2xQykUsmqG4ltbprltxRS006leAbw,12.166667,4:3,HD,H1FGPvaoyNt02h61wcJp1wrHehApRtpCKCGc2KSspqP4,https://stream.mux.com/H1FGPvaoyNt02h61wcJp1wrHehApRtpCKCGc2KSspqP4.m3u8,https://image.mux.com/H1FGPvaoyNt02h61wcJp1wrHehApRtpCKCGc2KSspqP4/thumbnail.jpg?time=0,0,,
20562603-b623-4541-ac1a-f7b02fffcae2,2025-06-06T13:44:40Z,2025-06-06T13:44:57Z,pnVcA7Qok02nuxGrlaLXTeEn02k01Iils5e01vRog026Kz1g,3.036367,1024:593,UHD,KWdzr4EDN6O3AXJG00c00wBPYg1W1upffVvQ6SscRf1jg,https://stream.mux.com/KWdzr4EDN6O3AXJG00c00wBPYg1W1upffVvQ6SscRf1jg.m3u8,https://image.mux.com/KWdzr4EDN6O3AXJG00c00wBPYg1W1upffVvQ6SscRf1jg/thumbnail.jpg?time=0,0,,
f6c7af57-11ab-4cd7-baa6-59c437b9e681,2025-06-06T15:00:11Z,2025-06-06T15:00:33Z,qWdrYCfr3hmKcGXnZcYO005gG7qQNEW9W87zQZHOakwY,10.733333,16:9,HD,026AEY8NTEuo01xUU00OMn39aHAUpNgNQRZDKOAf2Xql800,https://stream.mux.com/026AEY8NTEuo01xUU00OMn39aHAUpNgNQRZDKOAf2Xql800.m3u8,https://image.mux.com/026AEY8NTEuo01xUU00OMn39aHAUpNgNQRZDKOAf2Xql800/thumbnail.jpg?time=0,1,useCase,Learn
871b273f-31f4-4083-8692-d4c78c284a26,2025-06-06T17:43:26Z,2025-06-06T17:43:26Z,,,,,,,,0,,
3bfe695a-2842-4d2a-b27a-72d3556d6b8c,2025-06-06T17:43:49Z,2025-06-06T22:15:42Z,JZQgMfvgqP3KYbL01vWLJTUQUKpPGw024Qz8WNMarLkmA,9.633333,16:9,HD,51hA4MPhRPZ9QW2xRfOUlrH5qZHm01FZDKJGJNcRELpQ,https://stream.mux.com/51hA4MPhRPZ9QW2xRfOUlrH5qZHm01FZDKJGJNcRELpQ.m3u8,https://image.mux.com/51hA4MPhRPZ9QW2xRfOUlrH5qZHm01FZDKJGJNcRELpQ/thumbnail.jpg?time=0,0,,
50d1f7c2-54c6-4b45-a78e-d371c7abea6a,2025-06-06T17:44:12Z,2025-06-06T21:46:17Z,3TXOKttFUgWpkcJEzyEOxphBtmuY4GUmJN801FKZ2diI,11.866667,16:9,HD,EBdDd01jTJPrMpE01jVLAF7pTPEuoZ3VfpDPh4ZisF8PA,https://stream.mux.com/EBdDd01jTJPrMpE01jVLAF7pTPEuoZ3VfpDPh4ZisF8PA.m3u8,https://image.mux.com/EBdDd01jTJPrMpE01jVLAF7pTPEuoZ3VfpDPh4ZisF8PA/thumbnail.jpg?time=0,0,,
48bb9e5c-0778-4f62-8ee0-eaadfd43fccc,2025-06-06T17:44:36Z,2025-06-06T17:44:45Z,yNBKR1saI7O9O7jcj9Ig00dfoHy7Vy9ScRNUf700iZtqo,11.65,16:9,HD,noe1pP0200PHlDX2BMaXOJg01eoTZHPpi01dN8wbW2ZCtqg,https://stream.mux.com/noe1pP0200PHlDX2BMaXOJg01eoTZHPpi01dN8wbW2ZCtqg.m3u8,https://image.mux.com/noe1pP0200PHlDX2BMaXOJg01eoTZHPpi01dN8wbW2ZCtqg/thumbnail.jpg?time=0,1,useCase,Write
d81ff6f3-0cbb-493d-8fdf-f2db59c85d8c,2025-06-06T17:45:01Z,2025-06-06T17:45:19Z,nkOAJMh6g8cieno600I8OG2b7n6nTGUadovoDKp58lYk,10.2,16:9,HD,TZJmfmR4ksBqlPVjeeFHjqeWtIKwLFX59WPxBBldvdM,https://stream.mux.com/TZJmfmR4ksBqlPVjeeFHjqeWtIKwLFX59WPxBBldvdM.m3u8,https://image.mux.com/TZJmfmR4ksBqlPVjeeFHjqeWtIKwLFX59WPxBBldvdM/thumbnail.jpg?time=0,1,useCase,Write
bb81a44e-fb11-46f7-83df-ad368c613858,2025-06-06T17:47:15Z,2025-06-06T17:47:38Z,wtIIYplQaQnnPxJD6m7uG5zCOyAs3xRYiGJ4e7LVh400,13.016667,16:9,HD,01z8JQx9ptdyNoTR4sc44zJOhJp2uO51txN1cp00PmGWU,https://stream.mux.com/01z8JQx9ptdyNoTR4sc44zJOhJp2uO51txN1cp00PmGWU.m3u8,https://image.mux.com/01z8JQx9ptdyNoTR4sc44zJOhJp2uO51txN1cp00PmGWU/thumbnail.jpg?time=0,1,useCase,Learn
5f96ecfb-c6f3-40d4-9b88-d8b3d63f3c36,2025-06-06T17:49:57Z,2025-06-06T17:50:17Z,Jbww7256ykSnx9MCD00OPf8L9Ont2InOAgQ3KF1X7l2Q,10.75,16:9,HD,ecfgNCfsCrLS5JsAwORBcP4Ng54jnbv48lkpQFSUvr00,https://stream.mux.com/ecfgNCfsCrLS5JsAwORBcP4Ng54jnbv48lkpQFSUvr00.m3u8,https://image.mux.com/ecfgNCfsCrLS5JsAwORBcP4Ng54jnbv48lkpQFSUvr00/thumbnail.jpg?time=0,1,useCase,Learn
292aa864-7365-4c0d-b4f4-0c8bd5f805d1,2025-06-06T17:50:57Z,2025-06-06T17:51:12Z,whn00a00CsonDQ61zZmiLituId8xLOvHOp5LfsGUUvrYI,8.783333,16:9,HD,OTaLUimLTfqkKWfUyPVhtMburoKT1NUgKqMNhU6TCGo,https://stream.mux.com/OTaLUimLTfqkKWfUyPVhtMburoKT1NUgKqMNhU6TCGo.m3u8,https://image.mux.com/OTaLUimLTfqkKWfUyPVhtMburoKT1NUgKqMNhU6TCGo/thumbnail.jpg?time=0,1,useCase,Learn
053d65b1-5af4-41cb-8289-99d901ed8ba2,2025-06-06T17:52:10Z,2025-06-09T05:45:21Z,5mjHtCn66CGyraZ02iQxZqByl8Rw00RoQvqKuyPEVZSTM,11.9,16:9,HD,5Y1GQNQ4L8hXQyLwBN00FgfYPM4vV8KwOO4vbMlnCEj00,https://stream.mux.com/5Y1GQNQ4L8hXQyLwBN00FgfYPM4vV8KwOO4vbMlnCEj00.m3u8,https://image.mux.com/5Y1GQNQ4L8hXQyLwBN00FgfYPM4vV8KwOO4vbMlnCEj00/thumbnail.jpg?time=0,1,useCase,Plan
f98fb5de-b323-404a-baed-2d92b7a1108c,2025-06-06T17:52:45Z,2025-06-06T17:52:50Z,4B1VvoJDlrdcc6cDPohBDg24HqsqIrNIJ8XzSeS37us,11.25,16:9,HD,B01vpE62Ujuv300iZnAZKLWjakvnedzYSOc01zgZPlBhAA,https://stream.mux.com/B01vpE62Ujuv300iZnAZKLWjakvnedzYSOc01zgZPlBhAA.m3u8,https://image.mux.com/B01vpE62Ujuv300iZnAZKLWjakvnedzYSOc01zgZPlBhAA/thumbnail.jpg?time=0,1,useCase,Plan
939193d7-ac88-4cf9-ad9b-96b28374b82f,2025-06-06T17:53:12Z,2025-06-06T17:53:18Z,pwQWg3ZZ33rVtQjr00Xhl58cWuykew34JtzSqEjx5NCU,12.166667,16:9,HD,mjwqbUh8uD202CWx7DftSbpWWM700iLtZZbh2dZik3z2A,https://stream.mux.com/mjwqbUh8uD202CWx7DftSbpWWM700iLtZZbh2dZik3z2A.m3u8,https://image.mux.com/mjwqbUh8uD202CWx7DftSbpWWM700iLtZZbh2dZik3z2A/thumbnail.jpg?time=0,1,useCase,Plan
912d57e1-7408-4e8f-951f-c15fc733a7f2,2025-06-06T17:53:45Z,2025-06-06T17:54:04Z,wp13DNQ41I9pJPM8aLg02EBS7W9LVJB01GTEVmosdKczg,14.083333,16:9,HD,uvWJjb9lO3QplsHRTWRA01nigaidupkguDieCmyzLa00E,https://stream.mux.com/uvWJjb9lO3QplsHRTWRA01nigaidupkguDieCmyzLa00E.m3u8,https://image.mux.com/uvWJjb9lO3QplsHRTWRA01nigaidupkguDieCmyzLa00E/thumbnail.jpg?time=0,1,useCase,Plan
6c0d686f-4343-4854-a2f1-abd7a3b5e29e,2025-06-06T17:55:12Z,2025-06-06T17:55:27Z,kbU01nuddTzDsvCNQmBaLIdbjNEFwDN5we9EDtH2oUfY,9.35,16:9,HD,uXWnOI7nVijz2xOo2MDTL00dKl6yuMpyEAw8275cmdiI,https://stream.mux.com/uXWnOI7nVijz2xOo2MDTL00dKl6yuMpyEAw8275cmdiI.m3u8,https://image.mux.com/uXWnOI7nVijz2xOo2MDTL00dKl6yuMpyEAw8275cmdiI/thumbnail.jpg?time=0,1,useCase,Shop
11192d01-4cba-4cc0-95b9-5d9a6f89a15f,2025-06-06T17:55:49Z,2025-06-06T17:56:06Z,Qriuq0202Ir9dW9kvw1SrokDZGJ02rFM36xdE81ELkgAYs,20.466667,16:9,HD,vYFfL02e6ZGfspr00LCX00Oh9Aobg1KoyB53pUP00X2T44s,https://stream.mux.com/vYFfL02e6ZGfspr00LCX00Oh9Aobg1KoyB53pUP00X2T44s.m3u8,https://image.mux.com/vYFfL02e6ZGfspr00LCX00Oh9Aobg1KoyB53pUP00X2T44s/thumbnail.jpg?time=0,1,useCase,Shop
9684d47c-f19d-4606-b15b-3c412bf56603,2025-06-06T17:57:47Z,2025-06-06T17:57:52Z,RV91i9ew01v21VegxI4h7rnijxvM3t3GYYp863y3AP1I,11.083333,16:9,HD,HKZiN49fjqsTPLaymQMnW6DgDjMIaA100Y7c1Atm01TFI,https://stream.mux.com/HKZiN49fjqsTPLaymQMnW6DgDjMIaA100Y7c1Atm01TFI.m3u8,https://image.mux.com/HKZiN49fjqsTPLaymQMnW6DgDjMIaA100Y7c1Atm01TFI/thumbnail.jpg?time=0,1,useCase,Shop
56a06515-41a0-4746-a4d2-78a57956bb98,2025-06-06T17:58:08Z,2025-06-06T17:58:26Z,BiwbYOCNnLM6Ip7DtKKqT6QZO4vesiuj02eqz00e7AyIk,15.85,479:270,HD,il7PsWc02DgmmqNraFlrtJjHuv25N00wP1X1PbAlHIygc,https://stream.mux.com/il7PsWc02DgmmqNraFlrtJjHuv25N00wP1X1PbAlHIygc.m3u8,https://image.mux.com/il7PsWc02DgmmqNraFlrtJjHuv25N00wP1X1PbAlHIygc/thumbnail.jpg?time=0,1,useCase,Shop
ce874326-0bcf-486a-b1a9-d4a3c620d024,2025-06-06T21:46:34Z,2025-06-06T21:46:52Z,vd7gy01dvWscUIgrkA8019wjSs328hsHG00Swm8ytZ028Ww,9.983333,16:9,HD,u00DA3fL701wLeENZ8wQ5GD02RTkMmu8OuxNSGgm1i6x4E,https://stream.mux.com/u00DA3fL701wLeENZ8wQ5GD02RTkMmu8OuxNSGgm1i6x4E.m3u8,https://image.mux.com/u00DA3fL701wLeENZ8wQ5GD02RTkMmu8OuxNSGgm1i6x4E/thumbnail.jpg?time=0,1,useCase,Write
713d82a7-b60e-4658-b2a6-1043f09fdd70,2025-06-06T22:15:53Z,2025-06-06T22:16:10Z,DvsLDF5EF2Je00SWZvAyKYPCxSkgaX6ippBMCBsG2C8A,11.85,479:270,HD,W3kq00Z52TUaFJEjCMD9p02MRB39F2it6IH01OMBCR00CpE,https://stream.mux.com/W3kq00Z52TUaFJEjCMD9p02MRB39F2it6IH01OMBCR00CpE.m3u8,https://image.mux.com/W3kq00Z52TUaFJEjCMD9p02MRB39F2it6IH01OMBCR00CpE/thumbnail.jpg?time=0,1,useCase,Write
c2fa901b-6c7a-4569-8fb8-0d4c0d7486a5,2025-06-09T15:26:15Z,2025-06-11T11:53:31Z,1U6avty9RpaoM4dHc6S73569BpFI9zGtKzBieYijcI4,3.770433,1024:593,UHD,Ta9bafwPOz7Mcyhvv02yYzVcBYRWhjs52goozt9sXMKc,https://stream.mux.com/Ta9bafwPOz7Mcyhvv02yYzVcBYRWhjs52goozt9sXMKc.m3u8,https://image.mux.com/Ta9bafwPOz7Mcyhvv02yYzVcBYRWhjs52goozt9sXMKc/thumbnail.jpg?time=0,1,globalFallbackChroma,globalFallbackChroma
cb02fa4f-1f57-4576-8033-0db9f42b6247,2025-06-11T01:38:36Z,2025-06-11T01:40:14Z,bjxwY7NSr02VkZey1SVxRpgLHm5M4ydR2K01UdUhp011YI,77.751,16:9,HD,5MZfbYyCPRu5koNP009a9lUJxFeLNKiTOzGbl5ZkcNSE,https://stream.mux.com/5MZfbYyCPRu5koNP009a9lUJxFeLNKiTOzGbl5ZkcNSE.m3u8,https://image.mux.com/5MZfbYyCPRu5koNP009a9lUJxFeLNKiTOzGbl5ZkcNSE/thumbnail.jpg?time=0,2,homePage,homePage
34c6b0a2-dde5-4236-9ede-28a6a6f192a0,2025-06-12T23:26:50Z,2025-06-12T23:27:09Z,4GCB6w19Vo4iXDxg1cwFytEtb01kyUuKUe9Zoa9cV00dc,6.006,1024:593,UHD,wJJs02pvbfpPShV8kZPfN00tGmf7j8bQiAuBXuxEQyJLw,https://stream.mux.com/wJJs02pvbfpPShV8kZPfN00tGmf7j8bQiAuBXuxEQyJLw.m3u8,https://image.mux.com/wJJs02pvbfpPShV8kZPfN00tGmf7j8bQiAuBXuxEQyJLw/thumbnail.jpg?time=0,1,invitePage,invitePage
5c0e4f0e-582a-4e6c-a679-cecca8ba60bf,2025-07-29T21:51:37Z,2025-07-29T21:52:05Z,UihZ00ZxjaF3FKElZ9t7a9UfKRUTdv02HVTau00dOyc3ZM,20.081222,512:347,UHD,b1ThVoVwoR00zaVixJAPsOTSDL9lG5DYtavt00x00PXRA8,https://stream.mux.com/b1ThVoVwoR00zaVixJAPsOTSDL9lG5DYtavt00x00PXRA8.m3u8,https://image.mux.com/b1ThVoVwoR00zaVixJAPsOTSDL9lG5DYtavt00x00PXRA8/thumbnail.jpg?time=0,1,skill,samplecolors-danger
89a4001b-41ab-4012-90c9-6f0db6c58c8d,2025-07-30T15:33:04Z,2025-08-19T16:37:42Z,b9F02009Hs1Mn938GcTCcmWNh011MXIaFj01kk1l02EEoOnw,23.716667,53:36,HD,IFhnAfonXEGsOq99GpXZ1BLK19bfDuK01N7Ic3UU01o00E,https://stream.mux.com/IFhnAfonXEGsOq99GpXZ1BLK19bfDuK01N7Ic3UU01o00E.m3u8,https://image.mux.com/IFhnAfonXEGsOq99GpXZ1BLK19bfDuK01N7Ic3UU01o00E/thumbnail.jpg?time=0,1,skill,food-health
d951f885-5215-4752-9d48-8ee1f30a5650,2025-07-31T18:03:56Z,2025-07-31T18:04:08Z,vqstkdTyb9nEAJ3bqkFZBkf3VDyQKyFf7KtsaKQuhuU,82.614556,4:3,SD,9yU2Cwt5KZ00usjvS59sLoym00yCQnZt12dbznm9ZANqs,https://stream.mux.com/9yU2Cwt5KZ00usjvS59sLoym00yCQnZt12dbznm9ZANqs.m3u8,https://image.mux.com/9yU2Cwt5KZ00usjvS59sLoym00yCQnZt12dbznm9ZANqs/thumbnail.jpg?time=0,1,skill,glaze-danger
c66a55f8-ca6b-4299-bed8-a3120ee5011c,2025-08-12T12:15:40Z,2025-08-12T12:16:06Z,UtIwbB7E4D1BLlDHBq5PZX81aAkL1yf1NBA1IF7hXTE,16.452833,1024:661,UHD,vzUbekNSvg024ljsA7QkZfjflHZkE99sRigZVBxpjz3Q,https://stream.mux.com/vzUbekNSvg024ljsA7QkZfjflHZkE99sRigZVBxpjz3Q.m3u8,https://image.mux.com/vzUbekNSvg024ljsA7QkZfjflHZkE99sRigZVBxpjz3Q/thumbnail.jpg?time=0,1,skill,doc-nathan
12e2116f-bf2a-4f6a-820b-c994d62a3ad1,2025-08-14T14:33:01Z,2025-08-14T14:33:01Z,,,,,,,,0,,
d3ac7e3c-5ec0-4a22-99eb-baf0ed369cc3,2025-08-14T14:33:09Z,2025-08-14T14:34:51Z,D6Oo4zpyFj4kD01eVgr02ExfOkRulh3vTRXfoxgVEQWRY,83.166667,9:16,HD,Fi62KUlvtYJtchZ2q9ro9caAXHa7rP00SI01Thm9LWraM,https://stream.mux.com/Fi62KUlvtYJtchZ2q9ro9caAXHa7rP00SI01Thm9LWraM.m3u8,https://image.mux.com/Fi62KUlvtYJtchZ2q9ro9caAXHa7rP00SI01Thm9LWraM/thumbnail.jpg?time=0,1,skill,performance-review
b197342f-c9e3-49a2-a27e-3f91198d0dc9,2025-08-15T13:47:25Z,2025-08-15T13:47:25Z,,,,,,,,0,,
cc0bcffb-b67b-449f-b0b3-f5a4a3e596c0,2025-08-15T13:49:04Z,2025-08-15T13:51:12Z,MvKunI301p02gtGHhcsNJffICQsPUGQZaeWVBVVBhEIDc,,,1080p,1EW9ZZtVrhGv6vZJ01zg8UhOZjc6c5vR00qaOleotmeeU,https://stream.mux.com/1EW9ZZtVrhGv6vZJ01zg8UhOZjc6c5vR00qaOleotmeeU.m3u8,https://image.mux.com/1EW9ZZtVrhGv6vZJ01zg8UhOZjc6c5vR00qaOleotmeeU/thumbnail.jpg?time=0,1,skill,freud
6d941054-cdd6-48a2-8a35-04e7e3503b6b,2025-08-19T16:26:41Z,2025-08-19T16:26:41Z,,,,,,,,0,,
60ff6dc3-015b-4785-a7c0-b083ec345193,2025-08-19T16:51:24Z,2025-08-19T16:52:26Z,eWqLxLZB7Xmk011IRN00EoflFzD5uLvU500DhRjGP7UmoI,32.917667,9:16,HD,pwQQ00iBLgCA9jqYZDABqs5tnXJe4DjSdM7bh8NQN9kQ,https://stream.mux.com/pwQQ00iBLgCA9jqYZDABqs5tnXJe4DjSdM7bh8NQN9kQ.m3u8,https://image.mux.com/pwQQ00iBLgCA9jqYZDABqs5tnXJe4DjSdM7bh8NQN9kQ/thumbnail.jpg?time=0,1,skill,dalai-lama
9f79b23a-361e-4ef1-930b-bccdb5bc973a,2025-08-20T03:40:13Z,2025-08-20T03:47:13Z,W01KdQ5Jy01S4FmOiNrl301sPEz3rxC8VEy02ZvYiuy8jM8,190.774878,4:3,HD,LBWor01oW25qRnnur3o6lSEYJAv00JnU1DwSAZyl25I5Y,https://stream.mux.com/LBWor01oW25qRnnur3o6lSEYJAv00JnU1DwSAZyl25I5Y.m3u8,https://image.mux.com/LBWor01oW25qRnnur3o6lSEYJAv00JnU1DwSAZyl25I5Y/thumbnail.jpg?time=0,1,skill,future-self
5e17eb84-2223-4a12-ad07-94f3ab2d97cd,2025-08-20T21:19:49Z,2025-08-20T21:20:03Z,OMrmcjdfQMwW402ZeuE6D02UCXbsKu7z02IgiMvLoXesQs,16,119:90,SD,Q7hxXYYIFElia006vznqONxZcPaStznQMhv01BZLh02Iv4,https://stream.mux.com/Q7hxXYYIFElia006vznqONxZcPaStznQMhv01BZLh02Iv4.m3u8,https://image.mux.com/Q7hxXYYIFElia006vznqONxZcPaStznQMhv01BZLh02Iv4/thumbnail.jpg?time=0,0,,
9f3d82a7-4f6e-487a-a304-c82314aa6969,2025-08-20T23:12:57Z,2025-08-20T23:13:17Z,lEubn02InxfHhMSLyfSul00Ijx78Z01eesCrEBJEEyXDTU,11.433333,179:135,HD,YrOpRti0002LYKOcZxKOEjM6RSv2yS01UCoNvsGZqmeolI,https://stream.mux.com/YrOpRti0002LYKOcZxKOEjM6RSv2yS01UCoNvsGZqmeolI.m3u8,https://image.mux.com/YrOpRti0002LYKOcZxKOEjM6RSv2yS01UCoNvsGZqmeolI/thumbnail.jpg?time=0,1,studentsLandingPage,studentsLandingPage
ad5cee1f-dd69-4f43-b2e9-1c8cc2660971,2025-08-20T23:13:35Z,2025-08-20T23:13:51Z,clx01JRhaLcWpNpBodf02kBcQgo1uN6zUlP4200Bgx7gCQ,13.9,179:135,HD,ZgZqdYajq02MQ01Iww02mI1OZwcOX3KeDR31btPPjFzwPg,https://stream.mux.com/ZgZqdYajq02MQ01Iww02mI1OZwcOX3KeDR31btPPjFzwPg.m3u8,https://image.mux.com/ZgZqdYajq02MQ01Iww02mI1OZwcOX3KeDR31btPPjFzwPg/thumbnail.jpg?time=0,1,studentsLandingPage,studentsLandingPage
de025001-6b32-4ae0-a86f-024a3c8888bd,2025-08-20T23:30:45Z,2025-08-20T23:30:52Z,DXCxUShKkedcggxjHqoBBgAuestfGWGuN1aST6bvN1A,9.066667,179:135,HD,TLqqd19aBXgDAILJy00FA6Fl9lh4fnZuOayldNo4Kxmw,https://stream.mux.com/TLqqd19aBXgDAILJy00FA6Fl9lh4fnZuOayldNo4Kxmw.m3u8,https://image.mux.com/TLqqd19aBXgDAILJy00FA6Fl9lh4fnZuOayldNo4Kxmw/thumbnail.jpg?time=0,1,studentsLandingPage,studentsLandingPage
e040ebeb-4764-4832-888d-ffbe687e1fe6,2025-08-20T23:37:07Z,2025-08-20T23:37:24Z,aYmy9vdbyzQ8KzJNdJtaIC2qCvg7wBIVEZRP3FOXqTg,6.783333,179:135,HD,NQICOVzLmVXgwqx3frNThnkesiPJLdmKUPHYMbfoOms,https://stream.mux.com/NQICOVzLmVXgwqx3frNThnkesiPJLdmKUPHYMbfoOms.m3u8,https://image.mux.com/NQICOVzLmVXgwqx3frNThnkesiPJLdmKUPHYMbfoOms/thumbnail.jpg?time=0,1,studentsLandingPage,studentsLandingPage
d312dc25-c5e3-4b45-b511-e463eedb4801,2025-08-21T01:17:30Z,2025-08-21T01:17:47Z,vlD9TqYEcmsdSDvEvuwWLVx3NopnBsIetWUE3WXrD2k,16.3,37:27,HD,1qjQpMgvi8ZRM02aTM9ZhqN02gaPmtPLClEQyX4HCYyIQ,https://stream.mux.com/1qjQpMgvi8ZRM02aTM9ZhqN02gaPmtPLClEQyX4HCYyIQ.m3u8,https://image.mux.com/1qjQpMgvi8ZRM02aTM9ZhqN02gaPmtPLClEQyX4HCYyIQ/thumbnail.jpg?time=0,0,,
7b54832d-db60-4c4c-ad39-7cfea61ec2d2,2025-08-21T01:28:14Z,2025-08-21T01:28:32Z,xJ9iQWDn9uclXxhG1emAKaNFRd02ro49hSkEfU2YJ1Kk,15.233333,16:9,HD,Kds3PtFl9TZsvaFt4WUN1Fd02vupeTvd2Qw4KwmMtEXU,https://stream.mux.com/Kds3PtFl9TZsvaFt4WUN1Fd02vupeTvd2Qw4KwmMtEXU.m3u8,https://image.mux.com/Kds3PtFl9TZsvaFt4WUN1Fd02vupeTvd2Qw4KwmMtEXU/thumbnail.jpg?time=0,2,skill | studentsLandingPage,fact-check | studentsLandingPage
731058b9-a556-4b74-8efc-bc98ed74adc6,2025-08-21T01:31:26Z,2025-08-21T01:31:43Z,601oNOCUV00021lhrNgtsJiBPiB00ue007x1l8OFHobFL1jM,12.161133,9:16,SD,5KPAeDPj201nOouEhj00US3s9bb4EIzSLLhkGAmCwEXWM,https://stream.mux.com/5KPAeDPj201nOouEhj00US3s9bb4EIzSLLhkGAmCwEXWM.m3u8,https://image.mux.com/5KPAeDPj201nOouEhj00US3s9bb4EIzSLLhkGAmCwEXWM/thumbnail.jpg?time=0,1,studentsLandingPage,studentsLandingPage
bf6e4291-3965-4d1b-861f-c53f5376bc9d,2025-08-21T01:34:44Z,2025-08-21T01:35:02Z,fgEkZeXP59dKZXojn3VAPvcKrNo5wCSdaPBiopqP2xE,16.3,16:9,HD,2QYK5qfwWFOtyrS79VwXm2rGw9gVypWy6jr2NWuQxc00,https://stream.mux.com/2QYK5qfwWFOtyrS79VwXm2rGw9gVypWy6jr2NWuQxc00.m3u8,https://image.mux.com/2QYK5qfwWFOtyrS79VwXm2rGw9gVypWy6jr2NWuQxc00/thumbnail.jpg?time=0,2,skill | studentsLandingPage,job-fit | studentsLandingPage
2db070d1-d2ce-4022-a567-9c7dd563eb33,2025-08-21T01:41:15Z,2025-08-21T01:41:33Z,GBWm01rO5bVKwG2jPV6LfE00LnExGCPjtPh100xs9cup98,7.866667,16:9,HD,SVu8atZARO02ii15g1WWopunK02L4hFmOeOqddHhWXFj8,https://stream.mux.com/SVu8atZARO02ii15g1WWopunK02L4hFmOeOqddHhWXFj8.m3u8,https://image.mux.com/SVu8atZARO02ii15g1WWopunK02L4hFmOeOqddHhWXFj8/thumbnail.jpg?time=0,2,skill | studentsLandingPage,cite | studentsLandingPage
b1578c06-f338-4520-ab92-398b96b18286,2025-08-21T01:49:48Z,2025-08-21T01:50:08Z,EH00RsrCsuLCVoQYupqKxxHY5UX3whMII901OjetixfcU,11.316667,16:9,HD,Yf5k4RmyDdPHwuh00e201rDotBca6iI801rDF49bC47ZIU,https://stream.mux.com/Yf5k4RmyDdPHwuh00e201rDotBca6iI801rDF49bC47ZIU.m3u8,https://image.mux.com/Yf5k4RmyDdPHwuh00e201rDotBca6iI801rDF49bC47ZIU/thumbnail.jpg?time=0,2,skill | studentsLandingPage,budget-buddy | studentsLandingPage
96d490fe-6785-447f-b106-031ea21ced98,2025-08-21T02:04:29Z,2025-08-21T02:05:19Z,yDc4sHAztw01oPfVXrE2027SAjCECqSZZEO02cGoN66qWU,23.483333,16:9,HD,5tWghfmPd6W00GmlroLyfUGqtyGRsmvBndCljlKpZ268,https://stream.mux.com/5tWghfmPd6W00GmlroLyfUGqtyGRsmvBndCljlKpZ268.m3u8,https://image.mux.com/5tWghfmPd6W00GmlroLyfUGqtyGRsmvBndCljlKpZ268/thumbnail.jpg?time=0,2,skill | studentsLandingPage,regret-taking-this-class | studentsLandingPage
2bf5ee3c-ee83-4566-b954-46c4adad145f,2025-08-27T20:25:20Z,2025-08-27T20:25:26Z,dl14bUCCHfSoskmETrUDKCY1rz4u8pNDN02YNGNYpigs,8.85,389:91,SD,TzFyGnME00SrAVhQ00Fpk00Mi8WGH3Jr4i7Hsw01dlY7CUI,https://stream.mux.com/TzFyGnME00SrAVhQ00Fpk00Mi8WGH3Jr4i7Hsw01dlY7CUI.m3u8,https://image.mux.com/TzFyGnME00SrAVhQ00Fpk00Mi8WGH3Jr4i7Hsw01dlY7CUI/thumbnail.jpg?time=0,1,skill,how-to-web
8f922ef3-1ea8-4ef3-9a07-5865bf3cd285,2025-09-12T15:38:37Z,2025-09-12T15:38:37Z,,,,,,,,0,,
f43c92c4-1e61-4a47-ba57-1024088435f8,2025-09-12T15:38:48Z,2025-09-12T15:39:10Z,3NejCegQ3h01Fhao93R8KKMk2j01jOCJvQTo1PBH99Jug,37.95,7:6,HD,Iw01WrwpVsjjBLMhi8INeBg5Pu2Pusg02CHxcA01GOpatM,https://stream.mux.com/Iw01WrwpVsjjBLMhi8INeBg5Pu2Pusg02CHxcA01GOpatM.m3u8,https://image.mux.com/Iw01WrwpVsjjBLMhi8INeBg5Pu2Pusg02CHxcA01GOpatM/thumbnail.jpg?time=0,1,changelog,0-46-0
091d9452-dd5f-40ec-b570-3b5e8e6769a5,2025-09-12T15:41:52Z,2025-09-12T15:42:10Z,o3Fbp3xTxg5sSCQ59RrVi2cIvMX1Xtz023jKHgbn9O01o,5.25,359:270,HD,wfohNEaR02bK85FmKlhXAz5IXBw86wwmNkfgRSYm02Dl4,https://stream.mux.com/wfohNEaR02bK85FmKlhXAz5IXBw86wwmNkfgRSYm02Dl4.m3u8,https://image.mux.com/wfohNEaR02bK85FmKlhXAz5IXBw86wwmNkfgRSYm02Dl4/thumbnail.jpg?time=0,1,changelog,0-46-0
aa66ed06-de51-469b-9c12-6b2db31d55cb,2025-10-03T19:46:32Z,2025-10-03T19:46:53Z,GofnBf5yQgbHnUhZrxWDdCiZn1FS7Rxgc01300TCtQV028,12.762678,4:3,HD,3OO00mmd025rfQPfphivdraYWudW7nSGdL6AcQlaTiGpQ,https://stream.mux.com/3OO00mmd025rfQPfphivdraYWudW7nSGdL6AcQlaTiGpQ.m3u8,https://image.mux.com/3OO00mmd025rfQPfphivdraYWudW7nSGdL6AcQlaTiGpQ/thumbnail.jpg?time=0,0,,
93f310c8-149d-4694-9e39-175e1c8787f8,2025-10-03T19:47:47Z,2025-10-03T19:49:19Z,E5P9IdlfQ26mgk7vcStHkHGH8fRu8tOIXdC9eo02eIcY,6.833333,16:9,HD,S8cUxE65cWVDr3URImQYa5664XBDVRTChawfvEyN02D00,https://stream.mux.com/S8cUxE65cWVDr3URImQYa5664XBDVRTChawfvEyN02D00.m3u8,https://image.mux.com/S8cUxE65cWVDr3URImQYa5664XBDVRTChawfvEyN02D00/thumbnail.jpg?time=0,1,homePage,homePage
ae72f746-ce12-4e04-9e8d-c0f242e83655,2025-10-03T19:48:22Z,2025-10-03T19:49:16Z,zWLUpqj202BswLm1QD01rLMIkTR5RsGgOGk1802ds6lLmI,8.533333,16:9,UHD,K2024QWs6vtO01KgqQ7EzS6XpBIL21slT53WEWBpAYHgs,https://stream.mux.com/K2024QWs6vtO01KgqQ7EzS6XpBIL21slT53WEWBpAYHgs.m3u8,https://image.mux.com/K2024QWs6vtO01KgqQ7EzS6XpBIL21slT53WEWBpAYHgs/thumbnail.jpg?time=0,1,homePage,homePage
02b8cdd1-a3d6-4a3b-ad9f-0727aec83271,2025-10-03T19:49:33Z,2025-10-03T19:49:33Z,,,,,,,,0,,
baed37a5-5ed2-42d9-abe6-fb9bc7746a8a,2025-10-03T19:49:56Z,2025-10-03T19:51:12Z,XfElax8swLopaj32TmhEGAZOmxmV8QrKbrvBxmq02Cv8,8.7,16:9,UHD,jgtvfsR42tP01BOw00gM9y6nqO012sJ8UiPdC01loIOD7Uk,https://stream.mux.com/jgtvfsR42tP01BOw00gM9y6nqO012sJ8UiPdC01loIOD7Uk.m3u8,https://image.mux.com/jgtvfsR42tP01BOw00gM9y6nqO012sJ8UiPdC01loIOD7Uk/thumbnail.jpg?time=0,1,homePage,homePage
717c649b-3f24-4719-a709-54dd7fee7699,2025-10-03T19:52:23Z,2025-10-03T19:52:35Z,UuPTkC7IeFXVjsb4kMHYHGa01WSLRDPmos5AKCBJ00Khc,23.360667,4:3,HD,rzXpZWl2pbyaeU009dN1Otb3KdiQDGXsAlNDu502201HC4,https://stream.mux.com/rzXpZWl2pbyaeU009dN1Otb3KdiQDGXsAlNDu502201HC4.m3u8,https://image.mux.com/rzXpZWl2pbyaeU009dN1Otb3KdiQDGXsAlNDu502201HC4/thumbnail.jpg?time=0,1,homePage,homePage
f9a803c8-990b-4c1d-ad32-675a14e840ab,2025-10-03T19:52:54Z,2025-10-03T19:53:17Z,U6pQPxysOplBLH67P4n47DIZFXNj4dlcYsuMLcjRPt8,7.283333,16:9,UHD,Zkraf401D003JmeCBzq8ii9IQq374L02Q2ZRF9Wd7Dzwf00,https://stream.mux.com/Zkraf401D003JmeCBzq8ii9IQq374L02Q2ZRF9Wd7Dzwf00.m3u8,https://image.mux.com/Zkraf401D003JmeCBzq8ii9IQq374L02Q2ZRF9Wd7Dzwf00/thumbnail.jpg?time=0,1,homePage,homePage
036a1885-e0f2-4d92-9a13-0ffcf7dabbb0,2025-10-07T19:26:26Z,2025-10-07T19:26:59Z,4HfisJ02aQU418nJEMVJwQPElc2EnHK00jIInAYRoGE600,12.033333,16:9,UHD,UsSxlryIjimCsBb5SceNVkqmQmPEXd9TUQT02l02fi01ok,https://stream.mux.com/UsSxlryIjimCsBb5SceNVkqmQmPEXd9TUQT02l02fi01ok.m3u8,https://image.mux.com/UsSxlryIjimCsBb5SceNVkqmQmPEXd9TUQT02l02fi01ok/thumbnail.jpg?time=0,1,homePage,homePage
edb2f258-41ca-46ea-a608-254272ac9c7d,2025-11-11T18:04:31Z,2025-12-12T15:38:23Z,I2hoechgk4XGHdqqPpKJmwLVLoqkhM5doxrjZYkIdpM,58.060667,,Audio only,DZvQkfxkeSvQBfE01HNWOXN9uk0287ZbgZnKnigCrqB7c,https://stream.mux.com/DZvQkfxkeSvQBfE01HNWOXN9uk0287ZbgZnKnigCrqB7c.m3u8,https://image.mux.com/DZvQkfxkeSvQBfE01HNWOXN9uk0287ZbgZnKnigCrqB7c/thumbnail.jpg?time=0,0,,
e2a5e761-3739-461c-bc3d-fbf55d787c99,2025-11-12T04:05:52Z,2025-11-12T04:07:06Z,N0101SYSeQ6e01FFYw6aN01oeg9ArloobKIM1xiE474aTA4,188.833333,16:9,HD,z018txSHRJUe1l9E8g01oBNjuaLawVtdzGqasfkCGKesA,https://stream.mux.com/z018txSHRJUe1l9E8g01oBNjuaLawVtdzGqasfkCGKesA.m3u8,https://image.mux.com/z018txSHRJUe1l9E8g01oBNjuaLawVtdzGqasfkCGKesA/thumbnail.jpg?time=0,0,,
98910fb7-4d23-4d90-974c-7d90bc4b15d1,2025-11-12T18:49:34Z,2025-11-12T18:50:03Z,2zGurPjuh7401vSHIdpWy5cYSZ9GY5gTfVH2POyGh2JY,8.966667,512:337,UHD,xWoFMeDSXqq2VU9ySiLSQ3FVLs6IHQIXlNUTRqxai6w,https://stream.mux.com/xWoFMeDSXqq2VU9ySiLSQ3FVLs6IHQIXlNUTRqxai6w.m3u8,https://image.mux.com/xWoFMeDSXqq2VU9ySiLSQ3FVLs6IHQIXlNUTRqxai6w/thumbnail.jpg?time=0,0,,
ad55b449-6ea3-4c84-b94e-f42530344286,2025-11-12T18:58:28Z,2025-11-12T18:58:48Z,hjHa3VoC1uYsBHPs01011IO02MibqPUcirpSZCC9jFfpPY,7.883333,278:573,HD,S5keZGLQlxlWdbeHcs02KtezroyrWAfGS6004XVh5kafg,https://stream.mux.com/S5keZGLQlxlWdbeHcs02KtezroyrWAfGS6004XVh5kafg.m3u8,https://image.mux.com/S5keZGLQlxlWdbeHcs02KtezroyrWAfGS6004XVh5kafg/thumbnail.jpg?time=0,0,,
8059bede-3e0a-48c2-85f6-8453d94045aa,2025-11-12T22:05:24Z,2025-11-12T22:20:47Z,OYsVDLhWWbmtXa1ujUSgGLv8USagKKD9PBf5nfbgxwU,158.25,16:9,HD,qdMj63yk1NAuX02FKBJAtREQTv01IWz16uxSw6LyEZvQk,https://stream.mux.com/qdMj63yk1NAuX02FKBJAtREQTv01IWz16uxSw6LyEZvQk.m3u8,https://image.mux.com/qdMj63yk1NAuX02FKBJAtREQTv01IWz16uxSw6LyEZvQk/thumbnail.jpg?time=0,1,releaseNote,1-5-0-meet-me-in-dia
298abb29-d948-48e1-9e50-6fe45d0a21cb,2025-11-12T23:01:11Z,2025-11-12T23:03:05Z,ahwRlSQg00hAMMr02602901aE01ovHKO3dl7WJ68GtPET2DY,2.883333,16:9,HD,V01901ktq02Ewi9jTtLsBt83GU7zUy9QvZr1msxFlGBW1s,https://stream.mux.com/V01901ktq02Ewi9jTtLsBt83GU7zUy9QvZr1msxFlGBW1s.m3u8,https://image.mux.com/V01901ktq02Ewi9jTtLsBt83GU7zUy9QvZr1msxFlGBW1s/thumbnail.jpg?time=0,0,,
91d50d96-0647-4c02-8f47-0b75d5eb434f,2025-11-12T23:06:11Z,2025-11-12T23:06:27Z,2d008RYa9VYeGJRxagesUVCqUPGbg6iw4sF8r4KH9401o,6.266667,16:9,HD,1o47nSf01uXrQsLpt01uNh9GYpP3HFvponVYrIhdAYaP00,https://stream.mux.com/1o47nSf01uXrQsLpt01uNh9GYpP3HFvponVYrIhdAYaP00.m3u8,https://image.mux.com/1o47nSf01uXrQsLpt01uNh9GYpP3HFvponVYrIhdAYaP00/thumbnail.jpg?time=0,1,releaseNote,1-5-0-meet-me-in-dia
e391b632-5a8f-43d7-b99c-59b393cc3040,2025-11-12T23:38:28Z,2025-11-12T23:38:45Z,WrM8Vj5KTIhy6f00yzqE19iHhuwJowCQfFsLH5Wnez8Q,8.266667,16:9,HD,Nn6Kyaq00uhJRMlwM02F00tKYz17O02zjzllSESTx8OUiWY,https://stream.mux.com/Nn6Kyaq00uhJRMlwM02F00tKYz17O02zjzllSESTx8OUiWY.m3u8,https://image.mux.com/Nn6Kyaq00uhJRMlwM02F00tKYz17O02zjzllSESTx8OUiWY/thumbnail.jpg?time=0,1,releaseNote,1-5-0-meet-me-in-dia
b306a4a9-a96e-4175-991e-9ed4aed170c8,2025-11-13T05:28:06Z,2025-11-13T05:28:25Z,XmI01i73U8soKtd017dNenoVhsOgbq6fyP1qW2OeNr01fo,8.966667,193:135,HD,FC6dOjKSUBqHhhtZk02UdcTypA7p66WjOzDTa9R8onPo,https://stream.mux.com/FC6dOjKSUBqHhhtZk02UdcTypA7p66WjOzDTa9R8onPo.m3u8,https://image.mux.com/FC6dOjKSUBqHhhtZk02UdcTypA7p66WjOzDTa9R8onPo/thumbnail.jpg?time=0,1,releaseNote,1-5-0-meet-me-in-dia
87b9a205-c7d7-4580-9668-46520e1b398b,2025-11-17T21:15:18Z,2025-11-17T21:15:25Z,Zy02gcIJ9h29jnnclfqkJmcH6WBHXxrJNjy7QzUpQV8E,16.95,193:135,HD,nKMdi2Iy9iwYVAH401dm8UoZ3Lu3myRxMVeIBpsW3Lys,https://stream.mux.com/nKMdi2Iy9iwYVAH401dm8UoZ3Lu3myRxMVeIBpsW3Lys.m3u8,https://image.mux.com/nKMdi2Iy9iwYVAH401dm8UoZ3Lu3myRxMVeIBpsW3Lys/thumbnail.jpg?time=0,1,releaseNote,1-6-0-conversations-context-chat
a69bfde0-eb69-468f-8f3a-c6ce7c9f4fec,2025-11-18T18:14:03Z,2025-11-18T18:14:10Z,enMbSOGiVsdcVIZD26inGSUOkf3j01OzyhyuOTp1RV74,13.516667,176:135,HD,iXQqC1fUIvxvUQbk7RgOguHQuSUnQjuktnMJClYWQ01s,https://stream.mux.com/iXQqC1fUIvxvUQbk7RgOguHQuSUnQjuktnMJClYWQ01s.m3u8,https://image.mux.com/iXQqC1fUIvxvUQbk7RgOguHQuSUnQjuktnMJClYWQ01s/thumbnail.jpg?time=0,0,,
05958833-7c3c-4416-ad78-42d3af6665ed,2025-11-19T19:15:17Z,2025-11-20T15:35:05Z,5ZK6016KcZVVVsh006vntbf9yUfZ6GXcst7whJDxLjPAI,37.833333,16:9,HD,MjKooqIJjsJCHB4XpfR1bwG9xAldPjPvS02FQXQABySQ,https://stream.mux.com/MjKooqIJjsJCHB4XpfR1bwG9xAldPjPvS02FQXQABySQ.m3u8,https://image.mux.com/MjKooqIJjsJCHB4XpfR1bwG9xAldPjPvS02FQXQABySQ/thumbnail.jpg?time=0,1,releaseNote,1-6-0-conversations-context-chat
f91d6203-af83-4385-8d49-dd3540f579d1,2025-11-19T19:20:49Z,2025-11-19T19:21:11Z,ZI00aZ02lzMXTcjDbvHpVfX8EfYSdudwG004JS3NxhR92c,13.533333,176:135,HD,quC2PBI7NbuiVJqsNou7k4trR9BL1q1e4bSr4bnKENo,https://stream.mux.com/quC2PBI7NbuiVJqsNou7k4trR9BL1q1e4bSr4bnKENo.m3u8,https://image.mux.com/quC2PBI7NbuiVJqsNou7k4trR9BL1q1e4bSr4bnKENo/thumbnail.jpg?time=0,1,releaseNote,1-6-0-conversations-context-chat
8d88275e-6f38-4636-950b-8c42082eb58c,2025-11-21T18:17:21Z,2025-11-21T18:17:45Z,BdBK5Mh3Qj1TiLtCVveVwRFpDkA00OeFBGPugkegpWJY,14.1,25:18,HD,yXPA1yT1vHL85XxAnJZzU9yI8KNy9bV4RAvIBvRNyOY,https://stream.mux.com/yXPA1yT1vHL85XxAnJZzU9yI8KNy9bV4RAvIBvRNyOY.m3u8,https://image.mux.com/yXPA1yT1vHL85XxAnJZzU9yI8KNy9bV4RAvIBvRNyOY/thumbnail.jpg?time=0,0,,
f79a8bad-7dfa-49a4-8389-5f818834443d,2025-11-21T18:21:00Z,2025-11-21T18:21:17Z,Lk02IXAsR6cC0202O4Iu02OBNu02QKZ4yEShQPOMsng01hH1s,14.216667,25:18,HD,R02pjn79DuXHCFxj3GGCcbRVIl3xAYheLP172KhvGeZ8,https://stream.mux.com/R02pjn79DuXHCFxj3GGCcbRVIl3xAYheLP172KhvGeZ8.m3u8,https://image.mux.com/R02pjn79DuXHCFxj3GGCcbRVIl3xAYheLP172KhvGeZ8/thumbnail.jpg?time=0,1,releaseNote,1-6-0-conversations-context-chat
5abd7da1-121d-461a-ad66-fc130a8640c3,2025-11-25T18:42:21Z,2025-11-25T18:42:41Z,qFCt5Qah4fcUKA8Nv3tlnRcGZHydfaf5QxC4AaBras8,9.116667,1024:639,UHD,b13I8IdBNGPCNewvAmmEzSnVM00AF70101l00qwacY8JbFw,https://stream.mux.com/b13I8IdBNGPCNewvAmmEzSnVM00AF70101l00qwacY8JbFw.m3u8,https://image.mux.com/b13I8IdBNGPCNewvAmmEzSnVM00AF70101l00qwacY8JbFw/thumbnail.jpg?time=0,0,,
b95102b8-a9e6-4d7d-8e6c-9e18191efa9a,2025-11-25T21:22:40Z,2025-11-25T21:22:57Z,W9mKscqUoOh9wiZUyQLZ3Vuo95u61FCP0153sDqugSEU,3.85,439:270,HD,00llGJeO1fhdBTOsv84w3G9l1o5bShVvlBxgRHgQgnFY,https://stream.mux.com/00llGJeO1fhdBTOsv84w3G9l1o5bShVvlBxgRHgQgnFY.m3u8,https://image.mux.com/00llGJeO1fhdBTOsv84w3G9l1o5bShVvlBxgRHgQgnFY/thumbnail.jpg?time=0,1,releaseNote,1-7-0-flow-state
48268692-e02f-407a-a92b-7a0ab0d0d4f7,2025-11-25T21:51:19Z,2025-11-25T21:53:51Z,100vCvOpZp00yn8Sg35J029pTTrIjDYQXeMZF00QJQlUJ5I,27.151544,1024:665,UHD,D46hzWrv5u201rxLQzSpyckX5BXE58xh00mOGcjo4nwZI,https://stream.mux.com/D46hzWrv5u201rxLQzSpyckX5BXE58xh00mOGcjo4nwZI.m3u8,https://image.mux.com/D46hzWrv5u201rxLQzSpyckX5BXE58xh00mOGcjo4nwZI/thumbnail.jpg?time=0,0,,
e54215cc-8969-45a0-864e-983451137d41,2025-11-29T15:53:42Z,2025-11-29T15:54:51Z,uUSUhVVJxKD700URxoMhGaaqG02sxiblvBM2YLY4FMJDI,28.716667,1024:575,UHD,QwjXIgp3lQmvd1pG5q021FC88Fs9i02KwkrryZ802zfJqo,https://stream.mux.com/QwjXIgp3lQmvd1pG5q021FC88Fs9i02KwkrryZ802zfJqo.m3u8,https://image.mux.com/QwjXIgp3lQmvd1pG5q021FC88Fs9i02KwkrryZ802zfJqo/thumbnail.jpg?time=0,1,releaseNote,1-7-0-flow-state
8553e2bd-4c4f-4983-b0ec-adbbf89c17e4,2025-12-01T05:29:50Z,2025-12-01T05:52:32Z,3hfP00oYqpYb00U00syY005mdeniP427BJX00fpJM8yoLYso,68.564889,16:9,HD,1ymUTk1BOG1WzZpfISRRqPdYPcdcWpGr1C4PPsejVnI,https://stream.mux.com/1ymUTk1BOG1WzZpfISRRqPdYPcdcWpGr1C4PPsejVnI.m3u8,https://image.mux.com/1ymUTk1BOG1WzZpfISRRqPdYPcdcWpGr1C4PPsejVnI/thumbnail.jpg?time=0,1,releaseNote,1-7-0-flow-state
de616926-9cb4-4ae5-9932-c9e2e403725b,2025-12-02T18:58:34Z,2025-12-02T18:58:50Z,oJgJCakXVgp1put6795024pUZDBk008D85k8CJrl8qRqs,12.966667,287:568,HD,6n02dOnUDM5K00NQpRB02r025Seme91HJ7Vau8v3e01mPxx4,https://stream.mux.com/6n02dOnUDM5K00NQpRB02r025Seme91HJ7Vau8v3e01mPxx4.m3u8,https://image.mux.com/6n02dOnUDM5K00NQpRB02r025Seme91HJ7Vau8v3e01mPxx4/thumbnail.jpg?time=0,0,,
713223a9-1b8c-401e-80fe-7cf2829c5acc,2025-12-02T19:02:12Z,2025-12-02T19:02:37Z,2UEkin8AMnTEP602YKBZmLg6oX402ubpDH201y5gKeUOwo,25.75,1024:571,UHD,PIHpMIKCwOTbMSoxD4tTU3vlUZ19WxYtrmRfg4Nr6TQ,https://stream.mux.com/PIHpMIKCwOTbMSoxD4tTU3vlUZ19WxYtrmRfg4Nr6TQ.m3u8,https://image.mux.com/PIHpMIKCwOTbMSoxD4tTU3vlUZ19WxYtrmRfg4Nr6TQ/thumbnail.jpg?time=0,0,,
3d885b3f-388c-4fef-b8d7-fa1d6342ad11,2025-12-03T16:15:51Z,2025-12-03T16:16:08Z,GaNKxn01UdsetjLjyKizuOTQkmLQvjUcf700MTZ5RFwB00,8.066667,301:270,HD,u8n4JAQZEghXcBDx2Ao6GNQ1ZC5qF5oEbazldwEbiOQ,https://stream.mux.com/u8n4JAQZEghXcBDx2Ao6GNQ1ZC5qF5oEbazldwEbiOQ.m3u8,https://image.mux.com/u8n4JAQZEghXcBDx2Ao6GNQ1ZC5qF5oEbazldwEbiOQ/thumbnail.jpg?time=0,0,,
aa945ee9-2b71-4f61-bac2-56a6eaf629d0,2025-12-03T16:17:52Z,2025-12-03T16:25:25Z,mkogrHaFbsi00IJAyOgyFWAgvYTbWE6cfh2ExgLiS2uY,8.066667,301:270,HD,AI9EHrFScl02GreBo3IIKjZoRJ3SuWQR3J44ErY39dMs,https://stream.mux.com/AI9EHrFScl02GreBo3IIKjZoRJ3SuWQR3J44ErY39dMs.m3u8,https://image.mux.com/AI9EHrFScl02GreBo3IIKjZoRJ3SuWQR3J44ErY39dMs/thumbnail.jpg?time=0,0,,
927d6261-ac0e-4977-b3cc-e89367ecf73f,2025-12-03T16:22:59Z,2025-12-03T16:23:15Z,q9w6bB01nuvMAQ6OnjpoSB2EWyJSNRPtpMBx6sHDTXAM,8.3,113:90,HD,Ik9kIy71n7aFRCsdkPNiSvx9fq00zhCh6Za1E2m8JrlM,https://stream.mux.com/Ik9kIy71n7aFRCsdkPNiSvx9fq00zhCh6Za1E2m8JrlM.m3u8,https://image.mux.com/Ik9kIy71n7aFRCsdkPNiSvx9fq00zhCh6Za1E2m8JrlM/thumbnail.jpg?time=0,0,,
8af0a8f9-856d-4f24-b7ef-fde32c66aef1,2025-12-03T16:24:00Z,2025-12-03T16:24:17Z,02ijuSFW301nCPd02GsAKrXaZETWrwNQS5ZOzKv7OpNmwk,8.3,113:90,HD,01jloznnCwngh8JsKQfzYioqjL9hEcHFNObToDj01e01PE,https://stream.mux.com/01jloznnCwngh8JsKQfzYioqjL9hEcHFNObToDj01e01PE.m3u8,https://image.mux.com/01jloznnCwngh8JsKQfzYioqjL9hEcHFNObToDj01e01PE/thumbnail.jpg?time=0,0,,
0d846564-244d-4032-9d0a-06b2f63707fe,2025-12-03T16:56:25Z,2025-12-03T16:56:42Z,UJbnIp02w1vU2ge5lns7lil00d6sxp1kSrcer015fAdPxQ,18.95,65:54,HD,NGN6aciD1N5ONsafgC7vRX4O101rCubTSp5E3BLUm7Jk,https://stream.mux.com/NGN6aciD1N5ONsafgC7vRX4O101rCubTSp5E3BLUm7Jk.m3u8,https://image.mux.com/NGN6aciD1N5ONsafgC7vRX4O101rCubTSp5E3BLUm7Jk/thumbnail.jpg?time=0,0,,
7e70d2ad-661b-40b1-9eeb-cfa9c4c1bba2,2025-12-03T16:59:22Z,2025-12-03T16:59:37Z,qCBrwyuMZt7bj5EhnG8xTxbeN4Fjtcd008P02oiAUcdlo,10.033333,65:54,HD,TjRCMksMy3PNYgHuaNJxK1At5902VvhpQ7Dlpcgyseaw,https://stream.mux.com/TjRCMksMy3PNYgHuaNJxK1At5902VvhpQ7Dlpcgyseaw.m3u8,https://image.mux.com/TjRCMksMy3PNYgHuaNJxK1At5902VvhpQ7Dlpcgyseaw/thumbnail.jpg?time=0,0,,
0178a184-84c4-460f-89f7-294ec66a2675,2025-12-03T17:40:44Z,2025-12-03T17:41:02Z,01yQUA2Uq01M8756W01n0100w2eFZPfvOlEe1ASnpw3UHUWw,18.95,65:54,HD,by00tOCHU6XY2K5rWvQ93KXVOZT7zLVQJOVPd7lMGWpk,https://stream.mux.com/by00tOCHU6XY2K5rWvQ93KXVOZT7zLVQJOVPd7lMGWpk.m3u8,https://image.mux.com/by00tOCHU6XY2K5rWvQ93KXVOZT7zLVQJOVPd7lMGWpk/thumbnail.jpg?time=0,0,,
c4e463e5-a5ee-4049-a28a-95e4ccd7aab0,2025-12-03T21:17:08Z,2025-12-03T21:17:27Z,dSlLYtaRargwu3GQRHS01R02R01bYR02RTz82ZZI8XN00brg,8.866667,164:135,HD,ONHVUwcGxJsgJ00013qIrzJce00YyyAwQjhAVQVSagWsiY,https://stream.mux.com/ONHVUwcGxJsgJ00013qIrzJce00YyyAwQjhAVQVSagWsiY.m3u8,https://image.mux.com/ONHVUwcGxJsgJ00013qIrzJce00YyyAwQjhAVQVSagWsiY/thumbnail.jpg?time=0,1,releaseNote,1-8-0-direct-from-the-team
77556027-a230-4ad3-b82c-1c038ce764ce,2025-12-03T21:50:57Z,2025-12-03T21:51:25Z,9bfwY1culNhJMQF00YAx39VjCZ02cr7bPfqlJB54ara5s,12.866667,62:45,HD,pr00MGDnaxQq302InwhwFoNG5Kenl8DfvCSQBCtMyyzAc,https://stream.mux.com/pr00MGDnaxQq302InwhwFoNG5Kenl8DfvCSQBCtMyyzAc.m3u8,https://image.mux.com/pr00MGDnaxQq302InwhwFoNG5Kenl8DfvCSQBCtMyyzAc/thumbnail.jpg?time=0,1,releaseNote,1-8-0-direct-from-the-team
d0ee0504-eb87-49ab-9e55-c5ae8beb94d9,2025-12-04T15:56:32Z,2025-12-04T15:56:55Z,gk4IDemBX4TiWIpEyfAIIZQJ9PzAce6nbT7VSMqDO3s,5.95,107:90,HD,q6xgeaUsIV7nUnWq02toGeatKZ02ABwT701UlPtlXQGCKk,https://stream.mux.com/q6xgeaUsIV7nUnWq02toGeatKZ02ABwT701UlPtlXQGCKk.m3u8,https://image.mux.com/q6xgeaUsIV7nUnWq02toGeatKZ02ABwT701UlPtlXQGCKk/thumbnail.jpg?time=0,1,releaseNote,1-8-0-direct-from-the-team
80e50bc1-731d-436a-9d04-384620e33ec4,2025-12-04T19:41:45Z,2025-12-04T19:42:06Z,N1tePpAULb01fj00jWkYOflVpB00e02eBccLnZes7TQGa94,24.55,377:270,HD,F3PoCp9DQHHZ02D00qQTDEtDne800C01qVSwRW9QexX00NWU,https://stream.mux.com/F3PoCp9DQHHZ02D00qQTDEtDne800C01qVSwRW9QexX00NWU.m3u8,https://image.mux.com/F3PoCp9DQHHZ02D00qQTDEtDne800C01qVSwRW9QexX00NWU/thumbnail.jpg?time=0,1,releaseNote,1-8-0-direct-from-the-team
32d2c12a-1ba1-4c88-8c25-253d3fdb2ef4,2025-12-09T17:26:32Z,2025-12-09T17:26:41Z,olCnl01oEALaoqbv3ZY63q01F24LKqCSFS00oRp9SXOmHc,24.633333,870:419,HD,4TdOCN4j5VABaH1pzuHU26j2bZYd3soq6a3PU4mC4S8,https://stream.mux.com/4TdOCN4j5VABaH1pzuHU26j2bZYd3soq6a3PU4mC4S8.m3u8,https://image.mux.com/4TdOCN4j5VABaH1pzuHU26j2bZYd3soq6a3PU4mC4S8/thumbnail.jpg?time=0,0,,
cb035913-7682-4cd2-b9ea-0c67fc889eac,2025-12-09T18:39:21Z,2025-12-09T18:39:37Z,02UOdRrfUHOEKmp8Y1yl7cec1TJDGRGVgIt5ApgK9UlI,34.5,20:13,HD,6yT028Q3L2oE02NVj2WVEKt7u01duvSW7JIVorULObU9z4,https://stream.mux.com/6yT028Q3L2oE02NVj2WVEKt7u01duvSW7JIVorULObU9z4.m3u8,https://image.mux.com/6yT028Q3L2oE02NVj2WVEKt7u01duvSW7JIVorULObU9z4/thumbnail.jpg?time=0,0,,
1ae73bc2-fb4e-4d1c-84d7-019674093a21,2025-12-09T20:07:02Z,2025-12-09T20:07:19Z,f018RNNz1t02ElQZfUsKItiW02d00nfPw2jUWtPgdgPpe3k,11.433333,17:10,HD,bGp3PzN6XJtuvOQ8SN02eKBzW8JyQmjvDLUCrDy4qq1s,https://stream.mux.com/bGp3PzN6XJtuvOQ8SN02eKBzW8JyQmjvDLUCrDy4qq1s.m3u8,https://image.mux.com/bGp3PzN6XJtuvOQ8SN02eKBzW8JyQmjvDLUCrDy4qq1s/thumbnail.jpg?time=0,0,,
38990317-211d-41c4-82d3-66fec33d045b,2025-12-09T20:18:22Z,2025-12-09T20:20:20Z,02rmAut0000klvk00QepZjgeJqWUTgqjp2H3S7UOAxzXDGw,12.316667,29:18,HD,b2901zapvN02qX01JPtpjB2xEGNYcxvuicZ5Oa6C2uGhSM,https://stream.mux.com/b2901zapvN02qX01JPtpjB2xEGNYcxvuicZ5Oa6C2uGhSM.m3u8,https://image.mux.com/b2901zapvN02qX01JPtpjB2xEGNYcxvuicZ5Oa6C2uGhSM/thumbnail.jpg?time=0,0,,
290db485-5052-4376-a53c-4ecfcc1cd726,2025-12-09T20:25:51Z,2025-12-09T20:26:08Z,nh1n5wpaNPcey52ILjshfab00bBBJHUY02yOGWxD38ZE00,7.733333,29:18,HD,jmeHrcM2e4EceEw48RRzzemEEHlTkyuLNyTo2CDMSrQ,https://stream.mux.com/jmeHrcM2e4EceEw48RRzzemEEHlTkyuLNyTo2CDMSrQ.m3u8,https://image.mux.com/jmeHrcM2e4EceEw48RRzzemEEHlTkyuLNyTo2CDMSrQ/thumbnail.jpg?time=0,0,,
9e615864-b9ce-4bd2-99b7-1f70eb8766ba,2025-12-09T20:44:02Z,2025-12-09T20:44:17Z,4d1hnIajUgjE01qivoO00s300oP1P1HrDQbo4d00QnrKjjU,6.65,59:45,HD,2emDxlFX374hkb01hjCoIPGRAlKbDZKwNQZ77Osseheg,https://stream.mux.com/2emDxlFX374hkb01hjCoIPGRAlKbDZKwNQZ77Osseheg.m3u8,https://image.mux.com/2emDxlFX374hkb01hjCoIPGRAlKbDZKwNQZ77Osseheg/thumbnail.jpg?time=0,0,,
1cf804c5-ce31-49d1-ae62-f5a5df610007,2025-12-10T16:05:14Z,2025-12-10T16:05:31Z,Zl02Xs8NwGEMIpEsmP71zRwE3sRQrPRsYIaSXtlcnreQ,16.1,256:135,UHD,FAVBjAU7pSAeFlcxwuTPnXIlRmHg18XNy3mDUcS8Ryk,https://stream.mux.com/FAVBjAU7pSAeFlcxwuTPnXIlRmHg18XNy3mDUcS8Ryk.m3u8,https://image.mux.com/FAVBjAU7pSAeFlcxwuTPnXIlRmHg18XNy3mDUcS8Ryk/thumbnail.jpg?time=0,1,releaseNote,1-9-0-tab-groups
a3d7bf32-415d-485c-8729-4ec82bedc626,2025-12-10T16:14:23Z,2025-12-10T16:14:41Z,3f02hL02vA5IbbYiYZmhqn6BySM01y34NhAWu00PfszzsJE,9.65,7:6,HD,GTafnSQV2kYrym6RjauFEXxfoNZdLwN7wwefI01YzilE,https://stream.mux.com/GTafnSQV2kYrym6RjauFEXxfoNZdLwN7wwefI01YzilE.m3u8,https://image.mux.com/GTafnSQV2kYrym6RjauFEXxfoNZdLwN7wwefI01YzilE/thumbnail.jpg?time=0,0,,
e5d88f5c-8baf-4715-863c-94d82b1e3859,2025-12-10T16:15:03Z,2025-12-10T16:15:18Z,LELwbWrVMRzLTMybT9AVAot2PrCTFGQZpcFyynfn47g,4.75,7:6,HD,RKTjR014ZG3Oz6GLQzZbjFB5caVqcMj5x88fM02NEAKxo,https://stream.mux.com/RKTjR014ZG3Oz6GLQzZbjFB5caVqcMj5x88fM02NEAKxo.m3u8,https://image.mux.com/RKTjR014ZG3Oz6GLQzZbjFB5caVqcMj5x88fM02NEAKxo/thumbnail.jpg?time=0,0,,
5c856c66-e810-41a2-a83e-6eca16563caf,2025-12-10T16:40:08Z,2025-12-10T16:41:04Z,k22keRVTXO5eAvePnG7E9IfGv8CoIvTEfwjrwOajTKc,15.6,77:54,HD,Sv2zlwiW44702eNtXRRZ65yT7AZ7XGDMACVT6JBz00EqM,https://stream.mux.com/Sv2zlwiW44702eNtXRRZ65yT7AZ7XGDMACVT6JBz00EqM.m3u8,https://image.mux.com/Sv2zlwiW44702eNtXRRZ65yT7AZ7XGDMACVT6JBz00EqM/thumbnail.jpg?time=0,0,,
b3643c3f-a1d3-43a4-896b-78fe1920dd94,2025-12-10T18:05:30Z,2025-12-10T18:05:58Z,gUl1uXCg9P8tg5emRB7jw4zDESJzOYO3s6Dw8VxVEes,9.133333,164:135,HD,cKEffZulUS02e4G00cmzoYmhJUhDpT8sIKS01GQt8gcj00k,https://stream.mux.com/cKEffZulUS02e4G00cmzoYmhJUhDpT8sIKS01GQt8gcj00k.m3u8,https://image.mux.com/cKEffZulUS02e4G00cmzoYmhJUhDpT8sIKS01GQt8gcj00k/thumbnail.jpg?time=0,0,,
8960b7ae-d315-437c-b5a5-da0d6a9b7906,2025-12-10T18:06:44Z,2025-12-10T18:07:10Z,itUbaWQ8LV9w4ufumikQxbXpJzzrEhIbkUFvFz3ae02I,7.566667,164:135,HD,aa1mcJ01JCsacmQsrkD1YGd7H01Q7fNrTAQoxM6Nm5Q02M,https://stream.mux.com/aa1mcJ01JCsacmQsrkD1YGd7H01Q7fNrTAQoxM6Nm5Q02M.m3u8,https://image.mux.com/aa1mcJ01JCsacmQsrkD1YGd7H01Q7fNrTAQoxM6Nm5Q02M/thumbnail.jpg?time=0,0,,
42375afa-ad80-43bc-82b0-0968a4475735,2025-12-10T19:56:35Z,2025-12-10T19:56:51Z,EvgoHpJ02nKRTx5evnlcHDUXKyrdq6rvaHqOjV02GNCCs,6.039367,19:11,HD,G00QIo5Y7A6tQQy1KtXNc01alCotpSfsT6ejiPBbjMRCI,https://stream.mux.com/G00QIo5Y7A6tQQy1KtXNc01alCotpSfsT6ejiPBbjMRCI.m3u8,https://image.mux.com/G00QIo5Y7A6tQQy1KtXNc01alCotpSfsT6ejiPBbjMRCI/thumbnail.jpg?time=0,1,gettingStartedPage,gettingStartedPage
c434d6c6-46ae-452d-81b4-28946280860e,2025-12-10T20:46:45Z,2025-12-10T20:47:04Z,irVNkpJM2HALS00Kw00CtN00e3RpGKbadpL401C4YsJOYRs,9.042367,5:3,UHD,RlFU5ByaXbqbuJi7tDeEH02CHoABzbwFtCeV3sZnG8eM,https://stream.mux.com/RlFU5ByaXbqbuJi7tDeEH02CHoABzbwFtCeV3sZnG8eM.m3u8,https://image.mux.com/RlFU5ByaXbqbuJi7tDeEH02CHoABzbwFtCeV3sZnG8eM/thumbnail.jpg?time=0,1,releaseNote,1-9-0-tab-groups
32746350-8b35-4fd0-a89c-c95a82a5e86e,2025-12-10T20:47:36Z,2025-12-10T20:47:50Z,UPqhoEJ383jmmOqYffosF02Qx2kQ01tcF76mSk4yfi3rw,7.6076,5:3,UHD,PkwMO32i4Hgt3GrBXI51DJy3BD00KkNK9CmuNo01np101s,https://stream.mux.com/PkwMO32i4Hgt3GrBXI51DJy3BD00KkNK9CmuNo01np101s.m3u8,https://image.mux.com/PkwMO32i4Hgt3GrBXI51DJy3BD00KkNK9CmuNo01np101s/thumbnail.jpg?time=0,1,releaseNote,1-9-0-tab-groups
ace3763e-5b56-4391-a11e-ce0a96ff7f48,2025-12-10T21:45:27Z,2025-12-10T21:46:25Z,3n402ZEQLjypyEBw9oTYLo006hUzE02KfYHHNBhclu6FXo,61.356556,16:9,UHD,ban003iJ5F01a00c6sWHgkAWkCdxX9GxkR7H4Ln1y5ZeVw,https://stream.mux.com/ban003iJ5F01a00c6sWHgkAWkCdxX9GxkR7H4Ln1y5ZeVw.m3u8,https://image.mux.com/ban003iJ5F01a00c6sWHgkAWkCdxX9GxkR7H4Ln1y5ZeVw/thumbnail.jpg?time=0,0,,
ac2c4f24-594a-45e0-86bd-ae2da7feacaa,2025-12-11T18:07:18Z,2025-12-11T18:08:11Z,ppljQ026g1W5EiZ9AE02zF5WpKT2DgArU8mVudrkAH3MQ,61.356556,16:9,UHD,ejkHn1jJBBo25DzM02K5Qo5Y9OBoM00L1KMvbMzzO6lPc,https://stream.mux.com/ejkHn1jJBBo25DzM02K5Qo5Y9OBoM00L1KMvbMzzO6lPc.m3u8,https://image.mux.com/ejkHn1jJBBo25DzM02K5Qo5Y9OBoM00L1KMvbMzzO6lPc/thumbnail.jpg?time=0,1,releaseNote,1-9-0-tab-groups
0a8976b0-b4c9-4441-abe3-fce7cc3c3c81,2025-12-12T16:08:04Z,2025-12-12T16:08:32Z,qixSrMq01l2ag9Kc5nRJsGPJV9LMssUa2w3CEb9Bbdhg,251.418667,,Audio only,aAg3TPY5Zcybx6EdXrjlByYcPp01jcFnCmg6wDIYIxSc,https://stream.mux.com/aAg3TPY5Zcybx6EdXrjlByYcPp01jcFnCmg6wDIYIxSc.m3u8,https://image.mux.com/aAg3TPY5Zcybx6EdXrjlByYcPp01jcFnCmg6wDIYIxSc/thumbnail.jpg?time=0,0,,
4a761144-b8b5-46fb-bb1d-f2acbcd29825,2025-12-16T14:31:59Z,2025-12-16T18:22:35Z,co4Qsx3dP8quSXDjzxAOZRsljvPPkGDGE201jSLxVq00E,92.477333,1024:305,UHD,bPLsa8HsEi02YB56coqY9XAPuy02yUVvTcjSUvs6IgVyM,https://stream.mux.com/bPLsa8HsEi02YB56coqY9XAPuy02yUVvTcjSUvs6IgVyM.m3u8,https://image.mux.com/bPLsa8HsEi02YB56coqY9XAPuy02yUVvTcjSUvs6IgVyM/thumbnail.jpg?time=0,0,,
12ce2fa4-437a-435c-be49-59cd2a9987c8,2025-12-16T14:35:04Z,2025-12-16T14:35:40Z,02IiVporAPf2haMAYyDbh00T8wsJmaZ222VH02X01VEZyZI,22.325,512:349,UHD,YpE7D2z2x5xlZM7OZ9XDGmz01r58r1PKrrTsYBHKnDkY,https://stream.mux.com/YpE7D2z2x5xlZM7OZ9XDGmz01r58r1PKrrTsYBHKnDkY.m3u8,https://image.mux.com/YpE7D2z2x5xlZM7OZ9XDGmz01r58r1PKrrTsYBHKnDkY/thumbnail.jpg?time=0,0,,
0a332ab8-64d0-468c-9201-ccde16108c21,2025-12-16T18:23:07Z,2025-12-16T18:23:28Z,ocDtbpYDKQMixh00DtEDHfQkPqf8lpHmMtY4fKiLja1k,13.5,1024:453,UHD,k02uqn3OrcSkBmY2Xsj4xGWv3h6PPdnBXVjYe2RTP5qM,https://stream.mux.com/k02uqn3OrcSkBmY2Xsj4xGWv3h6PPdnBXVjYe2RTP5qM.m3u8,https://image.mux.com/k02uqn3OrcSkBmY2Xsj4xGWv3h6PPdnBXVjYe2RTP5qM/thumbnail.jpg?time=0,1,releaseNote,1-10-1-year-end-release
28d7e546-5c40-453a-8d4d-a03772fa441a,2026-01-07T16:03:53Z,2026-01-07T16:05:09Z,AvViP01gXRPMwQR27fAk1sV00MX7PuY7fPDnAS6Eq2500Y,20.383333,1024:867,UHD,u3bumn00Lat3RoC00MImYVaVU01vKgWZe5A02wdyqg9d5cU,https://stream.mux.com/u3bumn00Lat3RoC00MImYVaVU01vKgWZe5A02wdyqg9d5cU.m3u8,https://image.mux.com/u3bumn00Lat3RoC00MImYVaVU01vKgWZe5A02wdyqg9d5cU/thumbnail.jpg?time=0,0,,
ce75f4cb-b9da-4d93-a7a3-4cb9c84efe52,2026-01-07T19:17:18Z,2026-01-08T05:30:45Z,Yw3lFjOm8kxMK6Vk2IC85AiSAGaA02011YIwvmii01SfdQ,17.933333,512:329,UHD,ZCXN6Ew3N901CV007YYcZ01oMQz00Ymef01Lj024u6BpPMGbU,https://stream.mux.com/ZCXN6Ew3N901CV007YYcZ01oMQz00Ymef01Lj024u6BpPMGbU.m3u8,https://image.mux.com/ZCXN6Ew3N901CV007YYcZ01oMQz00Ymef01Lj024u6BpPMGbU/thumbnail.jpg?time=0,1,releaseNote,1-13-1-new-year-new-polish
b59e0327-10d1-48f8-b601-b5d4f2dba3cd,2026-01-14T15:11:14Z,2026-01-14T15:11:39Z,OdwTymuqIBdj9cDkSf02eYvMQseYDNJhHTmI2Ki4EE02c,16.083333,128:87,UHD,NmXH02VgPOwViiRCI01QZ3WxrfxJ3ltUL5N5jq9yQNiPk,https://stream.mux.com/NmXH02VgPOwViiRCI01QZ3WxrfxJ3ltUL5N5jq9yQNiPk.m3u8,https://image.mux.com/NmXH02VgPOwViiRCI01QZ3WxrfxJ3ltUL5N5jq9yQNiPk/thumbnail.jpg?time=0,0,,
5a52ce07-137e-4a83-afcd-b5664c9d7166,2026-01-14T15:13:24Z,2026-01-14T17:58:54Z,pJ5kkhxtlfPEEmUS01nkKx8gjvNy7eu7JppdU1l4ZaDs,30.183333,1024:755,UHD,EjwlZMq9WL8XHDgUndzMj2dyJUEzSxpRozm02ZsqefFc,https://stream.mux.com/EjwlZMq9WL8XHDgUndzMj2dyJUEzSxpRozm02ZsqefFc.m3u8,https://image.mux.com/EjwlZMq9WL8XHDgUndzMj2dyJUEzSxpRozm02ZsqefFc/thumbnail.jpg?time=0,0,,
ff558f39-f655-4fd7-bced-b7d4e47e28fc,2026-01-14T15:15:14Z,2026-01-14T15:15:30Z,GawwRCdf02QnhVVJuGij69qrwttJzM01XyzOtQvgVYWVk,6,512:261,UHD,00HNboZJjFP9mEkAOnqxOpoExqWOB01YgWQft19pt7j8M,https://stream.mux.com/00HNboZJjFP9mEkAOnqxOpoExqWOB01YgWQft19pt7j8M.m3u8,https://image.mux.com/00HNboZJjFP9mEkAOnqxOpoExqWOB01YgWQft19pt7j8M/thumbnail.jpg?time=0,0,,
dd1a4a87-d5a7-4805-8091-5be8b0035523,2026-01-14T15:16:14Z,2026-01-15T00:17:01Z,I00RYznqYIOCm3CuUd02Wkm028jQppeI1yoKUooLC6lYVQ,3.616667,1024:763,UHD,dCQVqXPcRWr4pAkX027IzqSX5cEhO9aF2G8j6NjSoB02I,https://stream.mux.com/dCQVqXPcRWr4pAkX027IzqSX5cEhO9aF2G8j6NjSoB02I.m3u8,https://image.mux.com/dCQVqXPcRWr4pAkX027IzqSX5cEhO9aF2G8j6NjSoB02I/thumbnail.jpg?time=0,0,,
06cbf31f-cb90-496f-b000-9ca3999f9621,2026-01-14T17:59:26Z,2026-01-14T18:00:07Z,eWDihq02efS3wNaE01iSPwiV226m5Rh01MgkzYxabw00Gl00,26.85,1024:833,UHD,N7tROBQHJ02WRU3zFBUn6vbaLy1qJnuuuR6nsae401800w,https://stream.mux.com/N7tROBQHJ02WRU3zFBUn6vbaLy1qJnuuuR6nsae401800w.m3u8,https://image.mux.com/N7tROBQHJ02WRU3zFBUn6vbaLy1qJnuuuR6nsae401800w/thumbnail.jpg?time=0,0,,
b740aff4-e5f7-41dd-a4df-7f3f1dc6252e,2026-01-14T23:02:43Z,2026-01-14T23:03:15Z,RCQI9eN2lJCqfhJMfp005GX8K00Ww2V9ovdaVfFdbKZls,46.648222,16:9,HD,h00E9gsryt1ujwaE6eT185kItniQwI7myrLZqN7eZkDg,https://stream.mux.com/h00E9gsryt1ujwaE6eT185kItniQwI7myrLZqN7eZkDg.m3u8,https://image.mux.com/h00E9gsryt1ujwaE6eT185kItniQwI7myrLZqN7eZkDg/thumbnail.jpg?time=0,1,releaseNote,1-14-0-meeting-tab-groups
df8450e8-1ae0-45ff-bfd4-33e36444f9a2,2026-01-15T00:14:55Z,2026-01-15T04:58:41Z,006GsSxi7n2zLcseZhA78YGgT00W101sFDUx5Ug97Rr7Sc,16.083333,128:87,UHD,pYVA9LxQQIBt021bzKPXPfV4O3deITwU83G4WEBLTzDI,https://stream.mux.com/pYVA9LxQQIBt021bzKPXPfV4O3deITwU83G4WEBLTzDI.m3u8,https://image.mux.com/pYVA9LxQQIBt021bzKPXPfV4O3deITwU83G4WEBLTzDI/thumbnail.jpg?time=0,0,,
67320bc3-e8e3-4441-8f0c-5cd0a6dbedfc,2026-01-15T00:15:42Z,2026-01-15T00:16:50Z,ASP2txBQSomYMq1EoyAHcxJnj0101300yUtQdQu1uRd3bo,26.85,1024:833,UHD,CXEeROGymo202coGzeFNuNgOYsmGiDx801IjdR7K2k438,https://stream.mux.com/CXEeROGymo202coGzeFNuNgOYsmGiDx801IjdR7K2k438.m3u8,https://image.mux.com/CXEeROGymo202coGzeFNuNgOYsmGiDx801IjdR7K2k438/thumbnail.jpg?time=0,0,,
d34310bc-2959-4dd9-b957-fd2faca0ffe9,2026-01-15T00:16:29Z,2026-01-15T00:16:47Z,mUOfz2025XTNWvm02joB4LWBY00lL41wfGdgoo8M8AHEAU,6,512:261,UHD,lkB685Ae0000WkTF8PAJWgETOf5Xq4m3QLd01XFSYrnqsQ,https://stream.mux.com/lkB685Ae0000WkTF8PAJWgETOf5Xq4m3QLd01XFSYrnqsQ.m3u8,https://image.mux.com/lkB685Ae0000WkTF8PAJWgETOf5Xq4m3QLd01XFSYrnqsQ/thumbnail.jpg?time=0,1,releaseNote,1-14-0-meeting-tab-groups
60af6c93-ecf6-49c5-baec-2ff0b2815b32,2026-01-15T00:17:17Z,2026-01-15T00:17:36Z,bqsQc005HsAsrcqwk6Zh3IpjWIliIjW02fUXs3A68zCrc,3.616667,1024:763,UHD,qoqvaq00BUlfjbVWYK4TInk2E5rkfyIvTi00St100szVgM,https://stream.mux.com/qoqvaq00BUlfjbVWYK4TInk2E5rkfyIvTi00St100szVgM.m3u8,https://image.mux.com/qoqvaq00BUlfjbVWYK4TInk2E5rkfyIvTi00St100szVgM/thumbnail.jpg?time=0,1,releaseNote,1-14-0-meeting-tab-groups
35871e16-eb8c-4eec-b333-0c7f3977ae69,2026-01-15T15:08:34Z,2026-01-15T15:08:51Z,xZeRr3lTAYMexiWkqX7xLY022BTL14bEwsiaP2Cput18,10.75,68:45,HD,BlswwJcblNZ00t4qRGRHzljr02X5FlQAtE1hYUNkS1Rfo,https://stream.mux.com/BlswwJcblNZ00t4qRGRHzljr02X5FlQAtE1hYUNkS1Rfo.m3u8,https://image.mux.com/BlswwJcblNZ00t4qRGRHzljr02X5FlQAtE1hYUNkS1Rfo/thumbnail.jpg?time=0,0,,
9a79da03-d826-4285-98b0-83c607aae2ed,2026-01-15T15:34:56Z,2026-01-15T15:35:12Z,P9v2CgAK007qzOX02tOZbdrbn8P7Nn78006cNw500skWQ00o,8.516667,16:9,HD,XKPJk2iq9tEylAw8vkD142qc02Xh83M6xf7HWfQSodP4,https://stream.mux.com/XKPJk2iq9tEylAw8vkD142qc02Xh83M6xf7HWfQSodP4.m3u8,https://image.mux.com/XKPJk2iq9tEylAw8vkD142qc02Xh83M6xf7HWfQSodP4/thumbnail.jpg?time=0,1,releaseNote,1-14-0-meeting-tab-groups
d1488948-29bd-47ab-9eb5-36ba99d73e0b,2026-01-15T15:58:09Z,2026-01-15T15:58:47Z,401YoG7HJ81PmtTGJPvDIpE46JmE3TeG8HsGEVE9z74Y,26.85,1024:675,UHD,wEDyqwrxpWZT4blpSEK7uot5qKEZj02tFF8f9VSP4Fhw,https://stream.mux.com/wEDyqwrxpWZT4blpSEK7uot5qKEZj02tFF8f9VSP4Fhw.m3u8,https://image.mux.com/wEDyqwrxpWZT4blpSEK7uot5qKEZj02tFF8f9VSP4Fhw/thumbnail.jpg?time=0,0,,
f2c5ce49-dc97-4cf2-89fa-544fdf7a36ee,2026-01-15T16:03:07Z,2026-01-15T16:03:38Z,ckbC8hWbFuVtcp8oZHXK7aFVy6HacQLq4bkl5mAfiWY,16.083333,128:87,UHD,m1O02lywr01erI8yDVgDw7XUvoTzQb8e8KkGuHf5HE02g8,https://stream.mux.com/m1O02lywr01erI8yDVgDw7XUvoTzQb8e8KkGuHf5HE02g8.m3u8,https://image.mux.com/m1O02lywr01erI8yDVgDw7XUvoTzQb8e8KkGuHf5HE02g8/thumbnail.jpg?time=0,1,releaseNote,1-14-0-meeting-tab-groups
bc7827e2-f406-4b61-8417-c3290125fada,2026-01-15T17:46:48Z,2026-01-15T17:47:15Z,RXgvwJg01aphaGL3ozMqKsIHyJF5nTBLCmVshuoAVqJE,26.85,1024:675,UHD,qymvwBq86VABC5PWdBOTsZYop2uvjmXfzDmxiIBng4U,https://stream.mux.com/qymvwBq86VABC5PWdBOTsZYop2uvjmXfzDmxiIBng4U.m3u8,https://image.mux.com/qymvwBq86VABC5PWdBOTsZYop2uvjmXfzDmxiIBng4U/thumbnail.jpg?time=0,0,,
89169ac5-a8df-458d-8347-54a1d15ca012,2026-01-15T17:47:32Z,2026-01-15T17:48:16Z,lnIOGRPVU1CwiqmZQHdrmjYYgMtGsWXZ018zkH2Gf0244,26.85,1024:675,UHD,Qst783jPn1MrhrNrjc9ZGrFDUxBA2n6nDb59zSYIFq4,https://stream.mux.com/Qst783jPn1MrhrNrjc9ZGrFDUxBA2n6nDb59zSYIFq4.m3u8,https://image.mux.com/Qst783jPn1MrhrNrjc9ZGrFDUxBA2n6nDb59zSYIFq4/thumbnail.jpg?time=0,1,releaseNote,1-14-0-meeting-tab-groups
ce0c8f26-2a2d-4f28-98ba-73a429a5c702,2026-01-21T16:03:54Z,2026-01-21T16:04:22Z,ACc668007Rr3ZGRTwRRJsZvQWE4BaIIGb6L0202wuE55wM,28.316667,459:511,SD,wroH02H1NaK9MGcT5aKmWZKjM2NsOeL91Qek3tbOsJfo,https://stream.mux.com/wroH02H1NaK9MGcT5aKmWZKjM2NsOeL91Qek3tbOsJfo.m3u8,https://image.mux.com/wroH02H1NaK9MGcT5aKmWZKjM2NsOeL91Qek3tbOsJfo/thumbnail.jpg?time=0,0,,
ebc81527-39a8-41cf-b2cc-183640f711bf,2026-01-21T16:04:51Z,2026-01-21T16:05:33Z,u4Az02Tv72A01qW93RozskWaTqCE7tPWtcs5L2z1sO8hQ,54.783333,1024:609,UHD,J01bt2n35AA500gTFnXpxdobILs01EH6SRm01IwgArOt8Ds,https://stream.mux.com/J01bt2n35AA500gTFnXpxdobILs01EH6SRm01IwgArOt8Ds.m3u8,https://image.mux.com/J01bt2n35AA500gTFnXpxdobILs01EH6SRm01IwgArOt8Ds/thumbnail.jpg?time=0,0,,
30f49d32-aa07-4305-bd95-a0427baea3b3,2026-01-21T17:59:46Z,2026-01-22T03:35:20Z,pzTy6M4eUHaZvMwgk02ldOvLFg3O00vPxT7JVvtU00B6J8,28.316667,459:511,SD,WoqIAKinalC3yYkkKBKGt4sz9nbzaIeboNkGTBsJ8PM,https://stream.mux.com/WoqIAKinalC3yYkkKBKGt4sz9nbzaIeboNkGTBsJ8PM.m3u8,https://image.mux.com/WoqIAKinalC3yYkkKBKGt4sz9nbzaIeboNkGTBsJ8PM/thumbnail.jpg?time=0,0,,
c8090efd-7261-42c4-8329-0f85c770df71,2026-01-21T18:00:23Z,2026-01-21T18:01:13Z,S84NBRaOn247mm9pbLEhqWmsH9DuZUJs9p3X5eFqBdQ,54.783333,1024:609,UHD,gR8Crb3MMFMYfBnfW02oRXxmEyNV9Smb5KC3E1005sizY,https://stream.mux.com/gR8Crb3MMFMYfBnfW02oRXxmEyNV9Smb5KC3E1005sizY.m3u8,https://image.mux.com/gR8Crb3MMFMYfBnfW02oRXxmEyNV9Smb5KC3E1005sizY/thumbnail.jpg?time=0,0,,
109ae42a-7f9d-4c1f-9120-46bca59d6182,2026-01-22T03:36:09Z,2026-01-22T03:36:32Z,PGovJ00JihjQ2pzah3q1772xsm005FkuSC1ihlak4wq8w,9.65,64:45,UHD,JdNhe14UfVhkyudx029rQ6qe018GyMEo00RInyocRQM7PE,https://stream.mux.com/JdNhe14UfVhkyudx029rQ6qe018GyMEo00RInyocRQM7PE.m3u8,https://image.mux.com/JdNhe14UfVhkyudx029rQ6qe018GyMEo00RInyocRQM7PE/thumbnail.jpg?time=0,1,releaseNote,1-15-1-polish-galore
0db54341-ee98-455e-83e1-6efef572dc3b,2026-01-22T03:37:06Z,2026-01-22T03:37:33Z,rTpFuWXenTOMnl4NXrxtBELoHiKp8pACmj00VxRypxWE,11,1024:833,UHD,WdBRda9oz02NzcDfqlSTzNIIlTNW3yCkDJDELRyeeFrs,https://stream.mux.com/WdBRda9oz02NzcDfqlSTzNIIlTNW3yCkDJDELRyeeFrs.m3u8,https://image.mux.com/WdBRda9oz02NzcDfqlSTzNIIlTNW3yCkDJDELRyeeFrs/thumbnail.jpg?time=0,0,,
f43f9456-9a33-4fe1-905d-b1278add8012,2026-01-22T03:37:55Z,2026-01-22T03:38:28Z,nQJOgT02Jm9TwHDsqDE7dhGZvZBAfNp0034q5CNat00tJ00,11,1024:833,UHD,STaXKpLnCQxj7CozkJK9mSv1wD8x7wlt8tU9lCbUYXs,https://stream.mux.com/STaXKpLnCQxj7CozkJK9mSv1wD8x7wlt8tU9lCbUYXs.m3u8,https://image.mux.com/STaXKpLnCQxj7CozkJK9mSv1wD8x7wlt8tU9lCbUYXs/thumbnail.jpg?time=0,0,,
d4e8c1cf-7b5e-4a10-927c-67c108fe9367,2026-01-22T03:38:43Z,2026-01-22T03:39:06Z,pxCa00qcUMOLq9V2zMX2f6QhFjA5bkkP9qv2TXeuoG01I,7.016667,229:256,UHD,dUYQ44lkJCIFopjmRxAkUiY8xx2DGCNRKkbz2sF1r0000,https://stream.mux.com/dUYQ44lkJCIFopjmRxAkUiY8xx2DGCNRKkbz2sF1r0000.m3u8,https://image.mux.com/dUYQ44lkJCIFopjmRxAkUiY8xx2DGCNRKkbz2sF1r0000/thumbnail.jpg?time=0,0,,
44177256-de8c-47d0-a277-e3d7a5920f1e,2026-01-22T15:33:50Z,2026-01-22T15:34:25Z,gxN8cZwk201FHinfmeE2Qg6nCEm02hD02xRDfaNaMo6YpQ,19.216667,512:361,UHD,kS1qBXHjLYEqMvaYU6dJbQONneVJweVbxxphjT5f4Wo,https://stream.mux.com/kS1qBXHjLYEqMvaYU6dJbQONneVJweVbxxphjT5f4Wo.m3u8,https://image.mux.com/kS1qBXHjLYEqMvaYU6dJbQONneVJweVbxxphjT5f4Wo/thumbnail.jpg?time=0,1,releaseNote,1-15-1-polish-galore
8ebd8ee8-1cf5-4ca2-b0e7-743d95debaf7,2026-01-22T15:35:00Z,2026-01-22T15:35:20Z,801cQHLuxY02iTgqsFZ6JAFe2guVK2ReTjV6u3gdu13WU,3.783333,256:255,UHD,01YUTPuLqZK00NhYiSzhKZFrlEfi8RsHftLE01UvwfVChM,https://stream.mux.com/01YUTPuLqZK00NhYiSzhKZFrlEfi8RsHftLE01UvwfVChM.m3u8,https://image.mux.com/01YUTPuLqZK00NhYiSzhKZFrlEfi8RsHftLE01UvwfVChM/thumbnail.jpg?time=0,1,releaseNote,1-15-1-polish-galore
8b7fc654-11a1-4de0-855f-7f47918b0fd0,2026-01-28T14:42:11Z,2026-01-28T14:44:18Z,BYztSZkzsRCk00wvX01A00FcxSwKUsODipj0176A00I01smzQ,22.416667,369:374,HD,Kj3v5pn798W5EoG9HedcrkjKHTie65LkFYX00sy02Ly84,https://stream.mux.com/Kj3v5pn798W5EoG9HedcrkjKHTie65LkFYX00sy02Ly84.m3u8,https://image.mux.com/Kj3v5pn798W5EoG9HedcrkjKHTie65LkFYX00sy02Ly84/thumbnail.jpg?time=0,0,,
2544eaca-8b14-4297-b2a6-219204e4ef0b,2026-01-28T14:43:37Z,2026-01-28T14:44:08Z,wxgGcJCaHUcyqGt19NFAF8xHjPY72MtinYK1jeV1keA,22.416667,369:374,HD,o02QP311kdp00j02lCPR5xgMQLry00ZQ0000uZNu0200lJXFLVs,https://stream.mux.com/o02QP311kdp00j02lCPR5xgMQLry00ZQ0000uZNu0200lJXFLVs.m3u8,https://image.mux.com/o02QP311kdp00j02lCPR5xgMQLry00ZQ0000uZNu0200lJXFLVs/thumbnail.jpg?time=0,0,,
26e7c4f5-b8ab-4ec6-bc96-faf5077acbe8,2026-01-28T14:44:33Z,2026-01-28T21:59:05Z,CsUDytoCgWZbzCsBuQVXS02hRq00WaqvLKJUQmvemfOco,82.010667,1024:457,UHD,G3XOUBxJ7id7kVe92cDYqFCdbot7S8MwKBlKlHrdMjU,https://stream.mux.com/G3XOUBxJ7id7kVe92cDYqFCdbot7S8MwKBlKlHrdMjU.m3u8,https://image.mux.com/G3XOUBxJ7id7kVe92cDYqFCdbot7S8MwKBlKlHrdMjU/thumbnail.jpg?time=0,0,,
e5efa12b-c270-43ce-b6a6-06659bba7cf6,2026-01-28T21:53:25Z,2026-01-28T21:54:00Z,02GGhOxf800nZp01ySAI3xX8xjGXzY2pzopDPYCcMrTPzM,20.783333,1024:681,UHD,tU8GapmbPA84RDX9Au00XN7ghql5banA32vtaWs01lJnw,https://stream.mux.com/tU8GapmbPA84RDX9Au00XN7ghql5banA32vtaWs01lJnw.m3u8,https://image.mux.com/tU8GapmbPA84RDX9Au00XN7ghql5banA32vtaWs01lJnw/thumbnail.jpg?time=0,1,releaseNote,1-16-0-organization-that-grows
252cc432-ec27-4ba4-aebe-08a0bd94a559,2026-01-28T21:54:18Z,2026-01-28T21:54:41Z,UBQB8lbAsWVuo84GZ5cOBf3B01Lkl14Q1QGJH00f94YzQ,6.733333,1024:681,UHD,6KbAWy9EZ1FX8MNJXMj8NNXJaHM6gjy01ZC9mPpVFZjQ,https://stream.mux.com/6KbAWy9EZ1FX8MNJXMj8NNXJaHM6gjy01ZC9mPpVFZjQ.m3u8,https://image.mux.com/6KbAWy9EZ1FX8MNJXMj8NNXJaHM6gjy01ZC9mPpVFZjQ/thumbnail.jpg?time=0,1,releaseNote,1-16-0-organization-that-grows
08e9908a-083d-42c2-b2ad-4cc56c6f31d3,2026-01-28T21:56:33Z,2026-01-28T21:57:32Z,SEpArRYSLFbcnw01IpMlQEiHDL1dndbLYAuqLOfAUcco,45.366667,1024:681,UHD,RPMxexWYA1gQEbAPHFGQGMHyNdue202Cuix2PLq7yMok,https://stream.mux.com/RPMxexWYA1gQEbAPHFGQGMHyNdue202Cuix2PLq7yMok.m3u8,https://image.mux.com/RPMxexWYA1gQEbAPHFGQGMHyNdue202Cuix2PLq7yMok/thumbnail.jpg?time=0,1,releaseNote,1-16-0-organization-that-grows
82351aa3-b5f6-4875-b0d1-934d20a99c87,2026-01-28T21:57:51Z,2026-01-28T21:58:17Z,6Gz7FNNr138W7aDLt1uHu1TFmdUTB66QguvuDZzHSlk,5.666667,1024:681,UHD,LCCG3d1JKj01pCQfzzz6vmkQVeWwVw6feEN8d242ogc8,https://stream.mux.com/LCCG3d1JKj01pCQfzzz6vmkQVeWwVw6feEN8d242ogc8.m3u8,https://image.mux.com/LCCG3d1JKj01pCQfzzz6vmkQVeWwVw6feEN8d242ogc8/thumbnail.jpg?time=0,1,releaseNote,1-16-0-organization-that-grows
8dca0426-7d62-4974-a04c-8dd5649b63fa,2026-02-03T16:29:06Z,2026-02-03T16:29:28Z,Hh02huWSO01E9wqC0202HhmKYaraI01dWJIq3kVsJiicEQh8,9.516667,1024:731,UHD,jp00zRKtzduLueAmQcVoBnR00ASUdtEvR7BtLMxtNjgu4,https://stream.mux.com/jp00zRKtzduLueAmQcVoBnR00ASUdtEvR7BtLMxtNjgu4.m3u8,https://image.mux.com/jp00zRKtzduLueAmQcVoBnR00ASUdtEvR7BtLMxtNjgu4/thumbnail.jpg?time=0,1,releaseNote,1-17-0-github-live-tab-groups
5a959780-892d-44d9-9f9e-17d045d55f70,2026-02-04T21:09:25Z,2026-02-04T21:09:50Z,vdPCuNtZq7WSdwvndHYW59KbHutzIXoW6ui00Ov00GiRo,12.733333,512:419,UHD,aAP4VOQ01XHRgMGBYhgkorD7LWNB3CyMgBhcW5tpaskw,https://stream.mux.com/aAP4VOQ01XHRgMGBYhgkorD7LWNB3CyMgBhcW5tpaskw.m3u8,https://image.mux.com/aAP4VOQ01XHRgMGBYhgkorD7LWNB3CyMgBhcW5tpaskw/thumbnail.jpg?time=0,0,,
f1693700-f881-4480-9449-74b598cdfb89,2026-02-04T21:10:24Z,2026-02-04T21:10:44Z,26G3yRrcsRuPuL97uZB02Luop4ZwySKw6m4U7guIgyP4,7.833333,32:23,UHD,e02F2CLd6bntpv4F7G69ZzODhSvyHKn00Rvkb1022TiQh4,https://stream.mux.com/e02F2CLd6bntpv4F7G69ZzODhSvyHKn00Rvkb1022TiQh4.m3u8,https://image.mux.com/e02F2CLd6bntpv4F7G69ZzODhSvyHKn00Rvkb1022TiQh4/thumbnail.jpg?time=0,0,,
5e198032-cf4c-462a-ae47-e0d34d354751,2026-02-04T21:11:49Z,2026-02-04T21:12:13Z,3oeYl4o02FoTNsNPp02I7PLYGh00aN6AYvW2qxIKiiYPAY,12.733333,512:419,UHD,dw011IwQDjS5NURQy8kVHivm1sZ2cL3eVM02U4oZ7C8kE,https://stream.mux.com/dw011IwQDjS5NURQy8kVHivm1sZ2cL3eVM02U4oZ7C8kE.m3u8,https://image.mux.com/dw011IwQDjS5NURQy8kVHivm1sZ2cL3eVM02U4oZ7C8kE/thumbnail.jpg?time=0,0,,
720cdefd-d1f7-4a40-a776-8b31c0e59033,2026-02-04T21:14:28Z,2026-02-04T21:14:55Z,z2rrsryAnqvDm02XgDV01pkv00Zk1r7KY8qCITUgwT5eDM,12.733333,512:419,UHD,1aab0145y2LhTESBVaRpjFaTOB00QfGxE2UCbsIa7GwMA,https://stream.mux.com/1aab0145y2LhTESBVaRpjFaTOB00QfGxE2UCbsIa7GwMA.m3u8,https://image.mux.com/1aab0145y2LhTESBVaRpjFaTOB00QfGxE2UCbsIa7GwMA/thumbnail.jpg?time=0,1,releaseNote,1-17-0-github-live-tab-groups
7a4054ce-a9d9-4209-bc7c-8d796fa24c28,2026-02-04T21:15:28Z,2026-02-04T21:15:52Z,6ayWLQ0100btAQ00AEl2kND4N7uuViopv02N218pKMIVOMA,7.833333,32:23,UHD,mAGT6BihkwVKxUrQJt9F027AoPveSavIzDkw00CAnwRM8,https://stream.mux.com/mAGT6BihkwVKxUrQJt9F027AoPveSavIzDkw00CAnwRM8.m3u8,https://image.mux.com/mAGT6BihkwVKxUrQJt9F027AoPveSavIzDkw00CAnwRM8/thumbnail.jpg?time=0,1,releaseNote,1-17-0-github-live-tab-groups
d2f9af79-895f-442f-a995-34860c6f25f4,2026-02-05T14:30:18Z,2026-02-05T14:30:45Z,tQezBBTzrv2Xs02st4ISVrXzWIn7lW5bs02ZK7k02kasC8,53.064889,16:9,HD,momc4seSpLratcFnBENTTK4nrJYHarfRyRDfICGpwss,https://stream.mux.com/momc4seSpLratcFnBENTTK4nrJYHarfRyRDfICGpwss.m3u8,https://image.mux.com/momc4seSpLratcFnBENTTK4nrJYHarfRyRDfICGpwss/thumbnail.jpg?time=0,3,releaseNote,1-17-0-github-live-tab-groups | lorem-ipsum-dolor-set
6a7c8458-eb73-4c81-a350-509195c0941d,2026-02-12T15:26:50Z,2026-02-12T15:27:17Z,Q3Y7Zd9qxfzbBA8JHnMtMj02BCVngf7vsGIxqTB8V02x4,12.9,1024:769,UHD,kWVZSnHCsvYzTA6iVEdJ00xbbkHTkfi5WFQV7BZcEJXY,https://stream.mux.com/kWVZSnHCsvYzTA6iVEdJ00xbbkHTkfi5WFQV7BZcEJXY.m3u8,https://image.mux.com/kWVZSnHCsvYzTA6iVEdJ00xbbkHTkfi5WFQV7BZcEJXY/thumbnail.jpg?time=0,1,releaseNote,1-18-1-your-setup-your-way
a44a265a-e6fb-43d2-8063-326302052513,2026-02-12T15:28:17Z,2026-02-12T15:28:47Z,Kjrw01OWGmZK2Ca01xRwMK5r89Kmr2C15h6g4oq15cI6c,9.933333,256:191,UHD,lLw7XGQolrrMsUCPkHDBwaG36kMk2qsg7F701a8n02hyg,https://stream.mux.com/lLw7XGQolrrMsUCPkHDBwaG36kMk2qsg7F701a8n02hyg.m3u8,https://image.mux.com/lLw7XGQolrrMsUCPkHDBwaG36kMk2qsg7F701a8n02hyg/thumbnail.jpg?time=0,1,releaseNote,1-18-1-your-setup-your-way
ed78dc09-b3a5-4873-8c94-aa46ed5e778d,2026-02-12T15:31:16Z,2026-02-12T15:31:43Z,WBRUQa02wOM3pPskFVtiPQEjXlo7ee6AIfEVCkMDW01go,8.8,512:395,UHD,kEac45iK58G7m02q02Arwqq6l2RusVQ3it2qNhCazuNEs,https://stream.mux.com/kEac45iK58G7m02q02Arwqq6l2RusVQ3it2qNhCazuNEs.m3u8,https://image.mux.com/kEac45iK58G7m02q02Arwqq6l2RusVQ3it2qNhCazuNEs/thumbnail.jpg?time=0,1,releaseNote,1-18-1-your-setup-your-way
1f61f547-5f1c-4413-8d5f-d686bde16369,2026-02-18T23:21:25Z,2026-02-18T23:21:56Z,mwmvEaYrE02lT2dcEmXRLnkXhcSL9caYNq9eNhAxJyUI,11.5,128:89,UHD,47sC00y8WtxXbcpNyrBtJ011YQmjEMoWhAo6yGMePKW0200,https://stream.mux.com/47sC00y8WtxXbcpNyrBtJ011YQmjEMoWhAo6yGMePKW0200.m3u8,https://image.mux.com/47sC00y8WtxXbcpNyrBtJ011YQmjEMoWhAo6yGMePKW0200/thumbnail.jpg?time=0,1,releaseNote,1-19-0-tab-groups-and-proactive-suggestions
93a6c385-b87c-4028-bfc4-fbbb8c3e34e7,2026-02-18T23:25:52Z,2026-02-18T23:30:20Z,d1R5ZOKpfbUcBlKPK02jPtQqEHzUcKRnZ2DeAcj01FlQE,14.6,1024:875,UHD,KLjdxAj01ll7fv2g01b71lZxYR9JDz00bDBYQgtVfVnc1A,https://stream.mux.com/KLjdxAj01ll7fv2g01b71lZxYR9JDz00bDBYQgtVfVnc1A.m3u8,https://image.mux.com/KLjdxAj01ll7fv2g01b71lZxYR9JDz00bDBYQgtVfVnc1A/thumbnail.jpg?time=0,0,,
2ad54a1d-1dd7-42e9-a8de-e8d289edfaa2,2026-02-19T01:38:45Z,2026-02-19T01:39:08Z,NcGqmtvpMULVT9QMpCFaJuT5OrSjK802hTUocvCw9AQ00,5.6,1024:737,UHD,YVeXiHJvd3NSo9005nFdub7xsPIFHn4LIl3ZKQ5un1Nk,https://stream.mux.com/YVeXiHJvd3NSo9005nFdub7xsPIFHn4LIl3ZKQ5un1Nk.m3u8,https://image.mux.com/YVeXiHJvd3NSo9005nFdub7xsPIFHn4LIl3ZKQ5un1Nk/thumbnail.jpg?time=0,1,releaseNote,1-19-0-tab-groups-and-proactive-suggestions
f3d9d8c3-6d47-41b1-9050-47182a0470ff,2026-02-19T14:58:23Z,2026-02-19T14:58:52Z,2G39OyhEcBDwnKbrAVEs01xiDXyDrWn7V78zaoq7kaws,14.6,1024:875,UHD,eF701sE3ZYqrtvPiTWXbDY2rtp6T6JzYpMVCPzPHXzXk,https://stream.mux.com/eF701sE3ZYqrtvPiTWXbDY2rtp6T6JzYpMVCPzPHXzXk.m3u8,https://image.mux.com/eF701sE3ZYqrtvPiTWXbDY2rtp6T6JzYpMVCPzPHXzXk/thumbnail.jpg?time=0,0,,
46a8fc6a-aad1-4bba-b8ef-bd3aea8b9628,2026-02-19T15:14:57Z,2026-02-24T15:45:18Z,TkFnYTfBeIGWfubKo02LqqhJ6l1CCmGM7XQFpOIXhmyc,14.6,1024:875,UHD,zDzWkLPRRaF3xtImo22WpulJ6mu5TXRy00U6GW36IpSs,https://stream.mux.com/zDzWkLPRRaF3xtImo22WpulJ6mu5TXRy00U6GW36IpSs.m3u8,https://image.mux.com/zDzWkLPRRaF3xtImo22WpulJ6mu5TXRy00U6GW36IpSs/thumbnail.jpg?time=0,1,releaseNote,lorem-ipsum-dolor-set
5ad0a1d1-fc80-47a6-bbe0-445a0631922c,2026-02-19T15:29:20Z,2026-02-19T15:29:50Z,Z6s02Sy5b4OR7Wk35Zn5yZ7k1TQZKgsuKYGdSLcyQwFM,14.6,1024:875,UHD,WHlAqdgLyWuUktm7MMfpgaczkA6IKPxilplWQxGhedw,https://stream.mux.com/WHlAqdgLyWuUktm7MMfpgaczkA6IKPxilplWQxGhedw.m3u8,https://image.mux.com/WHlAqdgLyWuUktm7MMfpgaczkA6IKPxilplWQxGhedw/thumbnail.jpg?time=0,1,releaseNote,1-19-0-tab-groups-and-proactive-suggestions
879a2e14-b720-4b38-a883-623279ae0948,2026-02-25T17:22:15Z,2026-02-25T17:22:42Z,TysjTG54CKl3k1bjQamCi7sTZp8XHcjg02QmdbUdpxvs,19.25,1024:539,UHD,lTis01XQCSlkSYhPYNXA1qLSaSkfF9BphbBnu00EIaoEE,https://stream.mux.com/lTis01XQCSlkSYhPYNXA1qLSaSkfF9BphbBnu00EIaoEE.m3u8,https://image.mux.com/lTis01XQCSlkSYhPYNXA1qLSaSkfF9BphbBnu00EIaoEE/thumbnail.jpg?time=0,1,releaseNote,1-20-0-little-moments-big-feeling
890471c7-c225-49a0-8293-21d7ef3dc5e1,2026-02-25T17:39:53Z,2026-02-25T17:40:13Z,lmrMi6Gk402V4pgBTIreYV61a02HDpCM00k00pHAYxk1hMA,6.85,1013:1024,UHD,4i1p9DJIPLjZg1Uug7ShlTztR00E2I6VmJdolwr601Tsc,https://stream.mux.com/4i1p9DJIPLjZg1Uug7ShlTztR00E2I6VmJdolwr601Tsc.m3u8,https://image.mux.com/4i1p9DJIPLjZg1Uug7ShlTztR00E2I6VmJdolwr601Tsc/thumbnail.jpg?time=0,1,releaseNote,1-20-0-little-moments-big-feeling
6a3f0d29-75b0-4dd1-a4d9-10bcbed93a75,2026-02-25T18:57:26Z,2026-02-25T18:57:47Z,yIorlVNgPz1ezMvXj26wt49Z01UMzlIyXCXE21yKwtaU,10.133333,64:57,UHD,VFQAXD00cUZQgQbJ9u21djar1f1uma01tNnAjzpseyags,https://stream.mux.com/VFQAXD00cUZQgQbJ9u21djar1f1uma01tNnAjzpseyags.m3u8,https://image.mux.com/VFQAXD00cUZQgQbJ9u21djar1f1uma01tNnAjzpseyags/thumbnail.jpg?time=0,1,releaseNote,1-20-0-little-moments-big-feeling
50e2b527-40b1-409e-aec2-b93b9bca3984,2026-02-25T19:14:27Z,2026-02-25T19:14:48Z,6UC6ZzztMhY4Jq5AcSyluZ9kHnIit4DNQ7bkQynqwbg,8.1,64:57,UHD,K5daRYS7O2VPypbJMq2im12Fbsb00YqJuOZMRqXS8R01w,https://stream.mux.com/K5daRYS7O2VPypbJMq2im12Fbsb00YqJuOZMRqXS8R01w.m3u8,https://image.mux.com/K5daRYS7O2VPypbJMq2im12Fbsb00YqJuOZMRqXS8R01w/thumbnail.jpg?time=0,1,releaseNote,1-20-0-little-moments-big-feeling
43771da9-c72a-4cb0-9fdd-70cfec660028,2026-02-25T20:01:10Z,2026-02-25T21:46:41Z,EIl01jQhlYzvTDCLoqVApyKTFbEzxiBQXmDz8eJolxvw,9.383333,1024:721,UHD,x005pSF3amiUbmfjg4AT5psYB8MfsJNHHoffSkQX2kGU,https://stream.mux.com/x005pSF3amiUbmfjg4AT5psYB8MfsJNHHoffSkQX2kGU.m3u8,https://image.mux.com/x005pSF3amiUbmfjg4AT5psYB8MfsJNHHoffSkQX2kGU/thumbnail.jpg?time=0,0,,
ccaee0fc-105f-4067-921d-6581c12dae1d,2026-02-25T21:47:30Z,2026-02-25T21:47:50Z,DUpfZQAHMItBro3BGOTUq02q701equDCypb8TN9Giy00lw,8.883333,512:325,UHD,hXE9AmEjD5012RyiC4zbGJfMEIQczwMtDtoBLXSEkbOU,https://stream.mux.com/hXE9AmEjD5012RyiC4zbGJfMEIQczwMtDtoBLXSEkbOU.m3u8,https://image.mux.com/hXE9AmEjD5012RyiC4zbGJfMEIQczwMtDtoBLXSEkbOU/thumbnail.jpg?time=0,1,releaseNote,1-20-0-little-moments-big-feeling
3ec8af62-c854-4c5c-8e8e-30b2b86faa3f,2026-03-04T21:44:38Z,2026-03-04T21:45:01Z,z8qSObr02MRkIU1lO0100bpYeG02ahaNJ017S01t52aKjRXVk,9.733333,1024:765,UHD,6HIoUWQjx4c8Jacc001YdenkGbCAwX4UNz01HAuBACJ6Y,https://stream.mux.com/6HIoUWQjx4c8Jacc001YdenkGbCAwX4UNz01HAuBACJ6Y.m3u8,https://image.mux.com/6HIoUWQjx4c8Jacc001YdenkGbCAwX4UNz01HAuBACJ6Y/thumbnail.jpg?time=0,1,releaseNote,1-21-0-before-you-reach-for-it
160f9b90-536f-401b-a050-c3647bb79f34,2026-03-04T21:51:37Z,2026-03-04T21:52:00Z,TxqTsBgaOb02sb6RuXbs8HVUmM1KT8hYqvziZsIrAiFI,7.9,1024:723,UHD,eZk01y1LsWtn3IB401ocf02Ekw635VS6wtlEJ6fWPd6d0100,https://stream.mux.com/eZk01y1LsWtn3IB401ocf02Ekw635VS6wtlEJ6fWPd6d0100.m3u8,https://image.mux.com/eZk01y1LsWtn3IB401ocf02Ekw635VS6wtlEJ6fWPd6d0100/thumbnail.jpg?time=0,1,releaseNote,1-21-0-before-you-reach-for-it
8a44ee4b-de65-4299-b402-eb49aca72819,2026-03-04T21:54:54Z,2026-03-04T21:55:16Z,Uaf00qUOO6EpC4EZMQy9LcRjtG19Jd02EYpx9nj62a9cA,5.55,1024:723,UHD,bma0287wxJPwV2MVz67YmoLYltHNRWnuWGsYlj1czutA,https://stream.mux.com/bma0287wxJPwV2MVz67YmoLYltHNRWnuWGsYlj1czutA.m3u8,https://image.mux.com/bma0287wxJPwV2MVz67YmoLYltHNRWnuWGsYlj1czutA/thumbnail.jpg?time=0,1,releaseNote,1-21-0-before-you-reach-for-it
8b02e82d-716a-4420-8264-67d14e8a94cb,2026-03-04T22:00:40Z,2026-03-04T22:00:58Z,yFhk2k7S5yzoi3IC9ORNtaBQ4wUeWeQKW005lX00s72bM,4.05,256:161,UHD,sd01ylzy0100kKjJgzzY00UzS87JVByH0102DVqCz01XOlX1No,https://stream.mux.com/sd01ylzy0100kKjJgzzY00UzS87JVByH0102DVqCz01XOlX1No.m3u8,https://image.mux.com/sd01ylzy0100kKjJgzzY00UzS87JVByH0102DVqCz01XOlX1No/thumbnail.jpg?time=0,1,releaseNote,1-21-0-before-you-reach-for-it
f21b6a22-7c6e-420b-bd7a-f0fcb8f37797,2026-03-04T22:06:45Z,2026-03-04T22:07:10Z,oPoq400eQfv7Zgxy009g8du8YjT5WxfW011iR026nCOMh5I,7.683333,512:395,UHD,jLQNtwuMZOpW89UlUOVE64R2jMxsP4nyAeG89DnYR54,https://stream.mux.com/jLQNtwuMZOpW89UlUOVE64R2jMxsP4nyAeG89DnYR54.m3u8,https://image.mux.com/jLQNtwuMZOpW89UlUOVE64R2jMxsP4nyAeG89DnYR54/thumbnail.jpg?time=0,1,releaseNote,1-21-0-before-you-reach-for-it
a382a380-adb0-4c27-a119-93049904b549,2026-03-04T22:14:20Z,2026-03-04T22:27:08Z,Ccwp78HHrysArn6p00as2oJbjfD253FcwlaX3reuZb2g,9.85,1024:793,UHD,O4OHmYPVo7R02irPlaeXik2ugwmbWKNLF7GkluWkWSCE,https://stream.mux.com/O4OHmYPVo7R02irPlaeXik2ugwmbWKNLF7GkluWkWSCE.m3u8,https://image.mux.com/O4OHmYPVo7R02irPlaeXik2ugwmbWKNLF7GkluWkWSCE/thumbnail.jpg?time=0,1,releaseNote,1-21-0-before-you-reach-for-it
a158b3d5-f53e-4a38-b05d-b5b5eae646c0,2026-03-04T22:16:25Z,2026-03-04T22:16:47Z,SbG33Cr802XjbOmCYrmMriBO6901VZRcBtj11JfTPwmfs,5.216667,1024:799,UHD,j01BZu3xz1hjr472tDEq7HbZ4S7aloj00GhoGCsYg8ztc,https://stream.mux.com/j01BZu3xz1hjr472tDEq7HbZ4S7aloj00GhoGCsYg8ztc.m3u8,https://image.mux.com/j01BZu3xz1hjr472tDEq7HbZ4S7aloj00GhoGCsYg8ztc/thumbnail.jpg?time=0,1,releaseNote,1-21-0-before-you-reach-for-it
8f75682b-9453-44d2-b345-961ab331de1f,2026-03-18T21:21:32Z,2026-03-18T21:22:51Z,1pU45CaF431RAoJp8pQdtCMrfdBTSvHsN9sbtljkAIs,44.25,1024:813,UHD,P39Ef75BWDr2Rhjwy9kownza6RMfJNoyrOOXpBKOOwk,https://stream.mux.com/P39Ef75BWDr2Rhjwy9kownza6RMfJNoyrOOXpBKOOwk.m3u8,https://image.mux.com/P39Ef75BWDr2Rhjwy9kownza6RMfJNoyrOOXpBKOOwk/thumbnail.jpg?time=0,0,,
e7dca33e-fb9f-4e7e-8775-9aae3d1ef6f4,2026-03-18T21:52:08Z,2026-03-18T21:52:37Z,wAe2RwTj2oYtaePvA02fNfiIP7ZbWOAkhMLXwYzW1XoA,5.083333,1024:811,UHD,wpWdArkBHtA9HS008YMDf1mv4jwvRPdYzchM6tNvvxZ00,https://stream.mux.com/wpWdArkBHtA9HS008YMDf1mv4jwvRPdYzchM6tNvvxZ00.m3u8,https://image.mux.com/wpWdArkBHtA9HS008YMDf1mv4jwvRPdYzchM6tNvvxZ00/thumbnail.jpg?time=0,0,,
2cc8f935-5b15-42eb-8c8d-a908c0892ebf,2026-03-18T22:00:28Z,2026-03-18T22:00:44Z,e3gyY8tcEPIvRnpfXYMMPtX02sxh7H51Wgkxuy57qHQU,1.5,512:423,UHD,n3pAeoZ9Hxw7MuGQ7HtZ5XuzSt0102Jc36mKRSzDsL7Ss,https://stream.mux.com/n3pAeoZ9Hxw7MuGQ7HtZ5XuzSt0102Jc36mKRSzDsL7Ss.m3u8,https://image.mux.com/n3pAeoZ9Hxw7MuGQ7HtZ5XuzSt0102Jc36mKRSzDsL7Ss/thumbnail.jpg?time=0,0,,
fc20ef69-484a-4ab1-81dc-414cdcc8ae8e,2026-03-18T22:07:26Z,2026-03-18T22:07:48Z,qwkRQ2SeYnBdu1jOG7XK5CcHXaRMzHfSu58kzBQtNtw,6.016667,1024:947,UHD,8E702mgY7PptDUxIt0043lkzxxIY1MNi9jvTJXB3UzSgg,https://stream.mux.com/8E702mgY7PptDUxIt0043lkzxxIY1MNi9jvTJXB3UzSgg.m3u8,https://image.mux.com/8E702mgY7PptDUxIt0043lkzxxIY1MNi9jvTJXB3UzSgg/thumbnail.jpg?time=0,0,,
ee9d75a4-5ca9-4354-9317-127945068cf4,2026-03-18T22:40:09Z,2026-03-18T22:40:45Z,02ztGvAbjY3wt3cDjORvKh02uM9oCMG9Su012v9SPRmL02U,8.066667,1024:859,UHD,42qKxbG01hNICtPrnuy00mgoO6ptSzRoCke00jur2sQ38U,https://stream.mux.com/42qKxbG01hNICtPrnuy00mgoO6ptSzRoCke00jur2sQ38U.m3u8,https://image.mux.com/42qKxbG01hNICtPrnuy00mgoO6ptSzRoCke00jur2sQ38U/thumbnail.jpg?time=0,2,releaseNote,1-23-0-from-review-to-merge-to-whats-next | 1-25-0-details-that-delight
0e1ca085-7baa-4a39-81c2-e8f35cc9bd28,2026-03-19T13:47:02Z,2026-03-19T13:47:37Z,chCp3t1c3Wbm00ZmbhT8J9bUpo3asuN02yaq01smw3gsMo,44.25,763:540,HD,Y9sy0002eFn74CsRRwbYZg00PMLmRBxy8qU01ijShtlN00V4,https://stream.mux.com/Y9sy0002eFn74CsRRwbYZg00PMLmRBxy8qU01ijShtlN00V4.m3u8,https://image.mux.com/Y9sy0002eFn74CsRRwbYZg00PMLmRBxy8qU01ijShtlN00V4/thumbnail.jpg?time=0,1,releaseNote,1-23-0-from-review-to-merge-to-whats-next
d5f6c5a0-8f8f-48fc-b85e-975a9247d2a5,2026-03-19T14:33:31Z,2026-03-19T14:34:01Z,6F021RZ2Qzh00mc02egrW1ROaTISEUlEIxY1eOCrb4cbmU,7.733333,1024:717,UHD,a3NWcuiDcLojBMu2N6eR9AqQalEYe77ZmhXQXpj8eaE,https://stream.mux.com/a3NWcuiDcLojBMu2N6eR9AqQalEYe77ZmhXQXpj8eaE.m3u8,https://image.mux.com/a3NWcuiDcLojBMu2N6eR9AqQalEYe77ZmhXQXpj8eaE/thumbnail.jpg?time=0,0,,
753f37c1-5afa-424f-bfa5-3da37a0a2120,2026-03-19T14:39:36Z,2026-03-19T14:39:56Z,4mmfLVsMA00JauNqGo5ZXvaOkljf9WVtkMX01cM3vNwZ8,6.366667,1024:717,UHD,wVzVw402kBNmTQ42t5GXkChgRP2eqyA5Uhenn1j01Hgeg,https://stream.mux.com/wVzVw402kBNmTQ42t5GXkChgRP2eqyA5Uhenn1j01Hgeg.m3u8,https://image.mux.com/wVzVw402kBNmTQ42t5GXkChgRP2eqyA5Uhenn1j01Hgeg/thumbnail.jpg?time=0,1,releaseNote,1-23-0-from-review-to-merge-to-whats-next
78647e37-fc45-41d7-ad5b-e7149626c5db,2026-03-19T14:44:48Z,2026-03-19T14:45:29Z,BV800onDynMGykLi7K02kMDyiLCslYuqwaciGeGRebf5s,3.95,1024:717,UHD,YVGeE5q7S3mUmue9LDDwDHh022MOW01fQ01mOYq3Uf42dc,https://stream.mux.com/YVGeE5q7S3mUmue9LDDwDHh022MOW01fQ01mOYq3Uf42dc.m3u8,https://image.mux.com/YVGeE5q7S3mUmue9LDDwDHh022MOW01fQ01mOYq3Uf42dc/thumbnail.jpg?time=0,1,releaseNote,1-23-0-from-review-to-merge-to-whats-next
f7c45c5f-e2f7-4e7e-977c-2919121f27ec,2026-03-19T14:59:18Z,2026-03-19T14:59:36Z,30254hcc6RN02YHIjSAQCU4nTLO2qa00pRa02I00rp00rQoIU,7.066667,1024:717,UHD,BfiaZ011eUcEuRqD6CZZUHobXAICfZMpegG01lA7enL02E,https://stream.mux.com/BfiaZ011eUcEuRqD6CZZUHobXAICfZMpegG01lA7enL02E.m3u8,https://image.mux.com/BfiaZ011eUcEuRqD6CZZUHobXAICfZMpegG01lA7enL02E/thumbnail.jpg?time=0,1,releaseNote,1-23-0-from-review-to-merge-to-whats-next
a850f6cd-a504-42cc-aa33-d77eea71e2be,2026-03-23T14:18:17Z,2026-03-25T15:03:55Z,k9dqRK29cFMnAqW3VREZ8YvpTUUx8Vyj901LEHvWxs01g,47.589211,16:9,UHD,51tPN022n1GfRr02HTCYBfSizi9lqd702eE1FBtAGUGxmI,https://stream.mux.com/51tPN022n1GfRr02HTCYBfSizi9lqd702eE1FBtAGUGxmI.m3u8,https://image.mux.com/51tPN022n1GfRr02HTCYBfSizi9lqd702eE1FBtAGUGxmI/thumbnail.jpg?time=0,1,startPage,startPage
88d4b7bf-1809-4a64-8c69-861bd04ea8b8,2026-03-23T14:19:37Z,2026-03-23T16:27:18Z,JjcQPGofQXokUYc7ikjh3zZVGRTiE23cIxHJHSRc4QE,60.101711,16:9,UHD,7QfxzNSuGGG4g5hh931S00qfX8U02RXRA7z01aEnBWCWlk,https://stream.mux.com/7QfxzNSuGGG4g5hh931S00qfX8U02RXRA7z01aEnBWCWlk.m3u8,https://image.mux.com/7QfxzNSuGGG4g5hh931S00qfX8U02RXRA7z01aEnBWCWlk/thumbnail.jpg?time=0,1,startPage,startPage
b563da41-5b77-42ba-86b1-2cb52ce3693b,2026-03-23T14:21:03Z,2026-03-25T18:42:18Z,mtAunmH026yoUKCcbHp7SasWCFFZLAfSA010002dttpxvMQ,62.812756,16:9,UHD,d02JDuk02iYX63qbdaRgSZ02Z1Bb3MT00WXmslNDeZd8UBE,https://stream.mux.com/d02JDuk02iYX63qbdaRgSZ02Z1Bb3MT00WXmslNDeZd8UBE.m3u8,https://image.mux.com/d02JDuk02iYX63qbdaRgSZ02Z1Bb3MT00WXmslNDeZd8UBE/thumbnail.jpg?time=0,1,startPage,startPage
46e289b8-d669-4c08-a06e-6501a29df3c0,2026-03-23T14:54:18Z,2026-03-23T17:15:57Z,fF00QzJXswEvkrUYmppAfBh5vcJaTuMtllsLVGSQcvlo,2670.459467,16:9,UHD,3BJ00bxG02dokhDplXsJK9PjccJfnsW4ZoxC8rRvZicRQ,https://stream.mux.com/3BJ00bxG02dokhDplXsJK9PjccJfnsW4ZoxC8rRvZicRQ.m3u8,https://image.mux.com/3BJ00bxG02dokhDplXsJK9PjccJfnsW4ZoxC8rRvZicRQ/thumbnail.jpg?time=0,1,startPage,startPage
1807d1e6-0a54-42b2-a627-d462b156a45b,2026-03-25T17:50:20Z,2026-03-25T21:38:35Z,guHvfRVSx1DfZJ9ADRFB0000ipexqaBBKZTU02MifpADhw,6.006,16:9,HD,dCNMbiwsZD02ZYs7B9CkLIqpsdYiYWuJj02qFDxaEaEVI,https://stream.mux.com/dCNMbiwsZD02ZYs7B9CkLIqpsdYiYWuJj02qFDxaEaEVI.m3u8,https://image.mux.com/dCNMbiwsZD02ZYs7B9CkLIqpsdYiYWuJj02qFDxaEaEVI/thumbnail.jpg?time=0,0,,
19e50d49-ff87-402e-9321-adacdb86e20d,2026-03-25T21:38:58Z,2026-03-25T21:39:14Z,iLYzVRDxBnAFVUQkiQabOLs013jJIpsFaY2OdFueFLlg,6.006,16:9,HD,YqpFB9ukVIIHE5Yaj6JbS2xJ02s7rLVnuvMfKtD8jRCU,https://stream.mux.com/YqpFB9ukVIIHE5Yaj6JbS2xJ02s7rLVnuvMfKtD8jRCU.m3u8,https://image.mux.com/YqpFB9ukVIIHE5Yaj6JbS2xJ02s7rLVnuvMfKtD8jRCU/thumbnail.jpg?time=0,1,releaseNote,1-24-0-dia-got-faster
3d72f20f-42fb-49a4-9d23-26a2bcc928d1,2026-04-01T15:52:22Z,2026-04-01T15:52:52Z,6ax5EiJXPdpzjWfrYloukfqK2pUKd1kOR4McMNawjzA,12.416667,512:365,UHD,OMJYyKPwIye3hABF02rV02GCOHBJl8b02irD00eut2f77vI,https://stream.mux.com/OMJYyKPwIye3hABF02rV02GCOHBJl8b02irD00eut2f77vI.m3u8,https://image.mux.com/OMJYyKPwIye3hABF02rV02GCOHBJl8b02irD00eut2f77vI/thumbnail.jpg?time=0,1,releaseNote,1-25-0-details-that-delight
9ee1a0c0-9005-4d34-80be-bc74233acdad,2026-04-01T15:54:50Z,2026-04-01T15:55:16Z,o37dTgHM7j6YIhRRCxoIJ5RkqSJ026GDITa01Sj02qYxD4,6.65,1024:727,UHD,hFnlHm4cgTcpmoXFAm01PAN5d3UQicnPROzEiJ1jv1J00,https://stream.mux.com/hFnlHm4cgTcpmoXFAm01PAN5d3UQicnPROzEiJ1jv1J00.m3u8,https://image.mux.com/hFnlHm4cgTcpmoXFAm01PAN5d3UQicnPROzEiJ1jv1J00/thumbnail.jpg?time=0,1,releaseNote,1-25-0-details-that-delight
9f42bad0-f433-45ee-abdc-a60862cd4057,2026-04-01T15:56:36Z,2026-04-01T15:56:36Z,dS7ptqVJiRkHCK02d46W9HpsXXhS1Jip02pUxaf5U9VG8,,,1080p,LoNSUVh1uPmDdly02wI4p9XpVf02clFCLTQ6a00eHPrGaA,https://stream.mux.com/LoNSUVh1uPmDdly02wI4p9XpVf02clFCLTQ6a00eHPrGaA.m3u8,https://image.mux.com/LoNSUVh1uPmDdly02wI4p9XpVf02clFCLTQ6a00eHPrGaA/thumbnail.jpg?time=0,0,,
ce2f0025-bdf0-4508-bab4-760780522f4b,2026-04-01T16:00:57Z,2026-04-01T16:01:17Z,GxvCivJ5NyDlBCX98y029UfIidqbbVB2xf00PsbiMuQVU,5.533333,16:15,UHD,R0135nABsjov8q00Xp00O602kU5M2tjODSASFkfeyAcSVx4,https://stream.mux.com/R0135nABsjov8q00Xp00O602kU5M2tjODSASFkfeyAcSVx4.m3u8,https://image.mux.com/R0135nABsjov8q00Xp00O602kU5M2tjODSASFkfeyAcSVx4/thumbnail.jpg?time=0,1,releaseNote,1-25-0-details-that-delight
2ed2d8f5-8cd6-4040-b82d-af18b118ca4d,2026-04-01T16:43:06Z,2026-04-01T16:43:39Z,MOzMmikW9qUCl8ta01JVXsihtxP02Qf00cUp7ov79QnwNs,7.633333,128:97,UHD,6Q7wZzwo00X02aDv9tNibObMNieP01mngtDIKKTVuvb2DA,https://stream.mux.com/6Q7wZzwo00X02aDv9tNibObMNieP01mngtDIKKTVuvb2DA.m3u8,https://image.mux.com/6Q7wZzwo00X02aDv9tNibObMNieP01mngtDIKKTVuvb2DA/thumbnail.jpg?time=0,1,releaseNote,1-25-0-details-that-delight
0df84081-3a37-4bff-9b51-6bc05ad692ec,2026-04-01T21:41:19Z,2026-04-01T21:41:48Z,xCc01VjQxZ9uOr00BiZvXDK6cr9JRWiuw65P00N8aVe9NY,7.516667,128:97,UHD,ZsoBRJ6ZQFd3RPkELTiNbZeMzluM5hxKy6S1Lf8ZNok,https://stream.mux.com/ZsoBRJ6ZQFd3RPkELTiNbZeMzluM5hxKy6S1Lf8ZNok.m3u8,https://image.mux.com/ZsoBRJ6ZQFd3RPkELTiNbZeMzluM5hxKy6S1Lf8ZNok/thumbnail.jpg?time=0,1,releaseNote,1-25-0-details-that-delight
f265394c-243e-436d-8f2a-f2f515924767,2026-04-01T21:43:25Z,2026-04-01T21:43:58Z,4lTE012n1KGQ5qV3uxXAjMgpiwXlXtISioNwBHDbAAxQ,11.683333,512:421,UHD,DhXhMJBVNM7MOW23ClnF3aYiQk1Lcr77fENmEkcG013Y,https://stream.mux.com/DhXhMJBVNM7MOW23ClnF3aYiQk1Lcr77fENmEkcG013Y.m3u8,https://image.mux.com/DhXhMJBVNM7MOW23ClnF3aYiQk1Lcr77fENmEkcG013Y/thumbnail.jpg?time=0,1,releaseNote,1-25-0-details-that-delight
36d1b46c-10d7-4242-9f87-05c878612192,2026-04-08T19:26:37Z,2026-04-08T19:27:02Z,pXtJlH43xFTbJCrY8Z5gGP6wWDqtuVjML7WbkazOQLA,20.15,256:159,UHD,C6Stz01RZWXmYCCtyTFSlkM5hEbe9hZaOC4kRQwTKdrA,https://stream.mux.com/C6Stz01RZWXmYCCtyTFSlkM5hEbe9hZaOC4kRQwTKdrA.m3u8,https://image.mux.com/C6Stz01RZWXmYCCtyTFSlkM5hEbe9hZaOC4kRQwTKdrA/thumbnail.jpg?time=0,0,,
e85d7e97-3a88-4c81-8838-ec823e875f61,2026-04-09T14:27:59Z,2026-04-09T14:28:18Z,TsPIvr0100AxTr02cxOMk74j8C4JpP7CyY9JEpEtg006BgE,16.049367,16:9,HD,FEpolATT6JgWFaEX12D2uO9KVROAeW523WjHaUWUWQ4,https://stream.mux.com/FEpolATT6JgWFaEX12D2uO9KVROAeW523WjHaUWUWQ4.m3u8,https://image.mux.com/FEpolATT6JgWFaEX12D2uO9KVROAeW523WjHaUWUWQ4/thumbnail.jpg?time=0,1,releaseNote,1-26-0-sync-is-here
97733baa-7a48-441b-bc0c-d9d31787d11d,2026-04-15T17:33:06Z,2026-04-15T19:48:14Z,jSd5mqEXyHrXSD2p7MSXfoLJjeuBZoaKHgCjZyyuxh4,11.383333,182:135,HD,Nxr7IFkS8ToCkzhVdMxlbmFKR4ggNwNg0200gXOZ00kPAs,https://stream.mux.com/Nxr7IFkS8ToCkzhVdMxlbmFKR4ggNwNg0200gXOZ00kPAs.m3u8,https://image.mux.com/Nxr7IFkS8ToCkzhVdMxlbmFKR4ggNwNg0200gXOZ00kPAs/thumbnail.jpg?time=0,0,,
68a2fb15-6fd6-45ad-82e0-2d7d2235c1c4,2026-04-15T19:48:33Z,2026-04-15T19:50:33Z,7GQb83IWuCc8QZatGvAqr5yIO2qJ1BSCaaDvSjUZDsk,31.05,1024:871,UHD,tpgiw23F02TJfsPb00Qdv59V2kqGM1qAkRE9pknQvOsxE,https://stream.mux.com/tpgiw23F02TJfsPb00Qdv59V2kqGM1qAkRE9pknQvOsxE.m3u8,https://image.mux.com/tpgiw23F02TJfsPb00Qdv59V2kqGM1qAkRE9pknQvOsxE/thumbnail.jpg?time=0,0,,
12bfdbbc-2075-4595-aee3-bacfeae8ec69,2026-04-15T20:15:47Z,2026-04-15T20:17:49Z,jcg01mLl4rIRdvR5zxw24em02l7QneO9Ij6cgEyvT79hA,30.95,128:107,UHD,pjFWo027VA5yDs01M01ZZJtgkpu6J5U5zwcw6VzVM4JInU,https://stream.mux.com/pjFWo027VA5yDs01M01ZZJtgkpu6J5U5zwcw6VzVM4JInU.m3u8,https://image.mux.com/pjFWo027VA5yDs01M01ZZJtgkpu6J5U5zwcw6VzVM4JInU/thumbnail.jpg?time=0,0,,
4b660968-1d96-4900-bbc8-9b4db4a8d30a,2026-04-16T18:14:37Z,2026-04-16T18:15:28Z,YZKcXSFaGZBeSoG3MJ02v3MF1pd6FCaswgW9Zj7GOhgc,22.833333,128:107,UHD,GLni1yDsDceKdiXKbIi02v5TvOwKMvQemKA2Kipyym008,https://stream.mux.com/GLni1yDsDceKdiXKbIi02v5TvOwKMvQemKA2Kipyym008.m3u8,https://image.mux.com/GLni1yDsDceKdiXKbIi02v5TvOwKMvQemKA2Kipyym008/thumbnail.jpg?time=0,0,,
0b5c11c8-6098-4154-939e-1a3d7fda863d,2026-04-16T18:20:51Z,2026-04-16T18:21:36Z,fT9iGTuHcVo4hyrttjH602jkU49PBH00w8fs4XND006pmo,23.283333,128:107,UHD,8RhRGP8nwPQLADGzYwFQBaYjSFokcUo01grkttoPc9r00,https://stream.mux.com/8RhRGP8nwPQLADGzYwFQBaYjSFokcUo01grkttoPc9r00.m3u8,https://image.mux.com/8RhRGP8nwPQLADGzYwFQBaYjSFokcUo01grkttoPc9r00/thumbnail.jpg?time=0,0,,
e2601651-eecc-426d-9265-d6c6b5fb8d59,2026-04-16T19:09:42Z,2026-04-16T19:09:56Z,lko6LJnrvxAHahIermTioen02aPzmxYpZLXBSDjySzoE,19.883333,391:270,HD,14JeRA9kSmC2Oc9NpZhoV01ck53nNLBMWQTZJ171VC4E,https://stream.mux.com/14JeRA9kSmC2Oc9NpZhoV01ck53nNLBMWQTZJ171VC4E.m3u8,https://image.mux.com/14JeRA9kSmC2Oc9NpZhoV01ck53nNLBMWQTZJ171VC4E/thumbnail.jpg?time=0,0,,
d4d7642b-641b-4f1f-9608-2218a14389d3,2026-04-16T20:10:27Z,2026-04-16T20:10:56Z,6UEbGoVVApqWu101BhpPT70001JLreGRKocgUvt102t74sg,19.883333,1024:707,UHD,n9iofjmetS2400JUDHDw3oN01BPuFQBXRV1Mpn1ovloew,https://stream.mux.com/n9iofjmetS2400JUDHDw3oN01BPuFQBXRV1Mpn1ovloew.m3u8,https://image.mux.com/n9iofjmetS2400JUDHDw3oN01BPuFQBXRV1Mpn1ovloew/thumbnail.jpg?time=0,1,releaseNote,1-27-0-your-work-comes-to-you
e8b264cf-101e-4cf2-852f-04da1f2ab36c,2026-04-21T20:42:58Z,2026-04-21T20:43:12Z,l6q8KS8018AUUwx45m6Xzo6wVDq0000fpRGBmjWr00L3xCg,5.183333,43:27,HD,WRRCCjeQKG4kpkGhcFFlCtz01IU6EOBkBiKuA71Nuyx4,https://stream.mux.com/WRRCCjeQKG4kpkGhcFFlCtz01IU6EOBkBiKuA71Nuyx4.m3u8,https://image.mux.com/WRRCCjeQKG4kpkGhcFFlCtz01IU6EOBkBiKuA71Nuyx4/thumbnail.jpg?time=0,0,,
07ba1fed-0738-482e-a9d6-c43a0532ef4f,2026-04-22T16:11:55Z,2026-04-22T16:12:25Z,qJpKSX4a01nRbk4OEUvJQcx00z00jxe02BWX5T8wkOA02bko,13.116667,1024:849,UHD,upKEEhKasgpeVQ017Rw1mOevJTA4mFLZRgZn01z4BYDgM,https://stream.mux.com/upKEEhKasgpeVQ017Rw1mOevJTA4mFLZRgZn01z4BYDgM.m3u8,https://image.mux.com/upKEEhKasgpeVQ017Rw1mOevJTA4mFLZRgZn01z4BYDgM/thumbnail.jpg?time=0,0,,
1f5ba699-4357-435c-bb54-5d5b28ba588c,2026-04-22T16:16:38Z,2026-04-22T16:39:55Z,g9QzEGVcJlCqKs8xiztGJLPKqknU8lnm5AY3Hm4Gjv00,6.05,1024:849,UHD,Ln00q3t301Vt01Up1cze12MfLWTUZ5GQlc1NozX01h84H6s,https://stream.mux.com/Ln00q3t301Vt01Up1cze12MfLWTUZ5GQlc1NozX01h84H6s.m3u8,https://image.mux.com/Ln00q3t301Vt01Up1cze12MfLWTUZ5GQlc1NozX01h84H6s/thumbnail.jpg?time=0,0,,
ded7a4d6-f214-410d-9aa7-4298fd80f23a,2026-04-22T16:27:56Z,2026-04-22T16:28:18Z,86F024Y1YaAlugyU7gD0292uhrEYjYItx4mk1DjtaDVs4,6.283333,64:53,UHD,olnHH022OQTs00FHVMAIKYZOG98xHFbqdFm3Bdg15FPQc,https://stream.mux.com/olnHH022OQTs00FHVMAIKYZOG98xHFbqdFm3Bdg15FPQc.m3u8,https://image.mux.com/olnHH022OQTs00FHVMAIKYZOG98xHFbqdFm3Bdg15FPQc/thumbnail.jpg?time=0,0,,
25e2a8f7-dc7a-4b22-befa-ccd6ebd4fa14,2026-04-22T18:31:00Z,2026-04-22T18:31:14Z,3ZFf3BLvpUsoaVf02QkJ3J7aFh5uQw00YTRbtOtm3WltQ,13.483333,65:54,HD,xVI00Sd021nCTTX2sY01uA00qRf22mMnEcCBWnJXMfJSwP8,https://stream.mux.com/xVI00Sd021nCTTX2sY01uA00qRf22mMnEcCBWnJXMfJSwP8.m3u8,https://image.mux.com/xVI00Sd021nCTTX2sY01uA00qRf22mMnEcCBWnJXMfJSwP8/thumbnail.jpg?time=0,1,releaseNote,1-28-0-look-closer
4c1e0f8a-3b51-4210-9c82-c756e452a8bf,2026-04-22T18:33:33Z,2026-04-22T18:33:47Z,nAJMiwCBf01kbeItv1PVWFTmzarSXRuRYXCpYXVMO494,3.883333,163:135,HD,J5WRFlzEIiZzWbB0002HCQWggusMuSylBb02YbahJEqtiE,https://stream.mux.com/J5WRFlzEIiZzWbB0002HCQWggusMuSylBb02YbahJEqtiE.m3u8,https://image.mux.com/J5WRFlzEIiZzWbB0002HCQWggusMuSylBb02YbahJEqtiE/thumbnail.jpg?time=0,1,releaseNote,1-28-0-look-closer
0dc61388-c6aa-4a0b-8da2-e7117f432385,2026-04-22T18:35:37Z,2026-04-22T18:35:51Z,yy58vB1k1ay0202Kz019QWG00d7XkZjgXBF1WevOMv015UBE,3.983333,167:135,HD,W2S4cSGUhgkGGNHJw00wnQxKj3mb1xAzX9MZbLPIi02iQ,https://stream.mux.com/W2S4cSGUhgkGGNHJw00wnQxKj3mb1xAzX9MZbLPIi02iQ.m3u8,https://image.mux.com/W2S4cSGUhgkGGNHJw00wnQxKj3mb1xAzX9MZbLPIi02iQ/thumbnail.jpg?time=0,1,releaseNote,1-28-0-look-closer
2860e6ab-26f9-468e-aea8-f516cde75748,2026-04-22T21:13:03Z,2026-04-22T21:13:17Z,YC01uq1QS4Ym8H00qfc66T4Y02c4QP8l8fRuQ01MBlE6b68,6.366667,391:270,HD,qbggoE2UKaUdv1XwpdzSoKj0102OO00iQaTRE9pYFc35a00,https://stream.mux.com/qbggoE2UKaUdv1XwpdzSoKj0102OO00iQaTRE9pYFc35a00.m3u8,https://image.mux.com/qbggoE2UKaUdv1XwpdzSoKj0102OO00iQaTRE9pYFc35a00/thumbnail.jpg?time=0,0,,
48500ed6-f8fc-4024-b943-312a61350a8c,2026-04-22T21:14:52Z,2026-04-22T21:15:06Z,ZEZ301nFPHZhomjFCYgyvzEEAoadWjW7wBR00xPHPxc00Q,6.366667,391:270,HD,5wnnT7gJaR2krNPoQc8eh3wR6khmq345iy02Ap64TKIc,https://stream.mux.com/5wnnT7gJaR2krNPoQc8eh3wR6khmq345iy02Ap64TKIc.m3u8,https://image.mux.com/5wnnT7gJaR2krNPoQc8eh3wR6khmq345iy02Ap64TKIc/thumbnail.jpg?time=0,0,,
e1706eb6-2cfa-4ac0-ab28-e3ced3ce20ef,2026-04-22T21:15:39Z,2026-04-22T21:15:55Z,Lj2TUmzZ7ZwqzVKFws4AkxfsNllC00lRayA7D01MGfZgk,4.833333,166:135,HD,Hr01KceQskZxLRMRRIYajsyC9XMaSTnfbB7Gao24udeo,https://stream.mux.com/Hr01KceQskZxLRMRRIYajsyC9XMaSTnfbB7Gao24udeo.m3u8,https://image.mux.com/Hr01KceQskZxLRMRRIYajsyC9XMaSTnfbB7Gao24udeo/thumbnail.jpg?time=0,0,,
510da49b-0325-42a4-b826-7a8e77e1c4c6,2026-04-22T21:36:47Z,2026-04-22T21:37:04Z,JO5dl2F02ClXdd7lz6U3dlK8rOVs6PACr6pyPi2nqDPQ,5.65,38:27,HD,5fYLsdatdwHxknnWd00f02nOMQYCbjSh4vW201ayLElCUs,https://stream.mux.com/5fYLsdatdwHxknnWd00f02nOMQYCbjSh4vW201ayLElCUs.m3u8,https://image.mux.com/5fYLsdatdwHxknnWd00f02nOMQYCbjSh4vW201ayLElCUs/thumbnail.jpg?time=0,0,,
02428fab-1e04-4322-841d-214f0a0ab786,2026-04-23T19:32:47Z,2026-04-23T19:33:03Z,m4wH6kykJ7i5WfMpazRfr92tNF1lIULDt5bsI00g6wtQ,5.683333,68:45,HD,jaXQHOj01NTbRlpBK4nwqxC01Kf4jAWdXkhB4urG019XbU,https://stream.mux.com/jaXQHOj01NTbRlpBK4nwqxC01Kf4jAWdXkhB4urG019XbU.m3u8,https://image.mux.com/jaXQHOj01NTbRlpBK4nwqxC01Kf4jAWdXkhB4urG019XbU/thumbnail.jpg?time=0,1,homePage,homePage
29d6519c-e1d3-43bc-b06f-ab91f154bf92,2026-04-23T20:39:37Z,2026-04-23T20:39:52Z,nJBI02HzAiASntxXqpP2TrF5mB9WqbzNNnr01zyWS9AGM,6.366667,65:54,HD,c1TnPOT2VKqGmwdqZV00FO2tmGaHz9P299MP02xTabjiw,https://stream.mux.com/c1TnPOT2VKqGmwdqZV00FO2tmGaHz9P299MP02xTabjiw.m3u8,https://image.mux.com/c1TnPOT2VKqGmwdqZV00FO2tmGaHz9P299MP02xTabjiw/thumbnail.jpg?time=0,0,,
31ec153d-8ab2-44a0-827c-0a3e7e688fdb,2026-04-23T22:02:33Z,2026-04-23T22:02:48Z,DiMZXWRXSApjfjImcBGebmz6aLivExyn1Kmdneez6B8,4.833333,337:270,HD,Xc2OSuEIrGDC7eVX8IbCKMVW3qyO5X76PQTk4004m8BE,https://stream.mux.com/Xc2OSuEIrGDC7eVX8IbCKMVW3qyO5X76PQTk4004m8BE.m3u8,https://image.mux.com/Xc2OSuEIrGDC7eVX8IbCKMVW3qyO5X76PQTk4004m8BE/thumbnail.jpg?time=0,0,,
b101ac59-c09d-4c5c-a7dc-6e50a82f3bb3,2026-04-23T22:05:56Z,2026-04-23T22:06:09Z,MRG001mIFXMkLls9rzcSItkvEb8bi7SZH1UvHBZoiK74,5.683333,68:45,HD,hENZGr2Qw01Cg44bKnjctXF1UDEJPa9hof2ilSVLHeso,https://stream.mux.com/hENZGr2Qw01Cg44bKnjctXF1UDEJPa9hof2ilSVLHeso.m3u8,https://image.mux.com/hENZGr2Qw01Cg44bKnjctXF1UDEJPa9hof2ilSVLHeso/thumbnail.jpg?time=0,0,,
8c1b2f44-56e1-4b00-8c88-3b951b3bfa80,2026-04-27T14:26:13Z,2026-04-29T19:02:33Z,EYuUIp4JLvc8dR9NThxlTnwLh02jTHl00icM8OWvSXH7Y,5.683333,68:45,HD,taO2k01v1d7Isb7gclNcjIc1302hN1dlWtrxxnteBxDWw,https://stream.mux.com/taO2k01v1d7Isb7gclNcjIc1302hN1dlWtrxxnteBxDWw.m3u8,https://image.mux.com/taO2k01v1d7Isb7gclNcjIc1302hN1dlWtrxxnteBxDWw/thumbnail.jpg?time=0,0,,
67fa4f5f-565b-4f00-9dd6-3d5801bd50d1,2026-04-27T20:39:50Z,2026-04-27T20:50:14Z,7WHoYU7nTK44Nln005GnhF66vi1ClDHqtHF02cUgapuYM,6.366667,112:135,HD,u8uvMTR4rO01JRXtTX00AUw4fzbGD500tk008KXvrw6ajmo,https://stream.mux.com/u8uvMTR4rO01JRXtTX00AUw4fzbGD500tk008KXvrw6ajmo.m3u8,https://image.mux.com/u8uvMTR4rO01JRXtTX00AUw4fzbGD500tk008KXvrw6ajmo/thumbnail.jpg?time=0,0,,
4019ebff-123d-4942-aad2-d0a3fc16e3f6,2026-04-27T20:40:13Z,2026-04-27T20:40:31Z,ySwCsCmcx97rgxhYKVs6mDHHtsWP4OrJ1cqtSF5gomA,4.833333,43:54,HD,XJK01RxFMXmnkzxKlNCz87w9rG6lUT9qoMX3p7rdujk4,https://stream.mux.com/XJK01RxFMXmnkzxKlNCz87w9rG6lUT9qoMX3p7rdujk4.m3u8,https://image.mux.com/XJK01RxFMXmnkzxKlNCz87w9rG6lUT9qoMX3p7rdujk4/thumbnail.jpg?time=0,0,,
f731f521-1156-4055-8639-45a938a4ef2e,2026-04-29T18:58:21Z,2026-04-29T18:58:35Z,l3XKMoezmcEw3pYJvkMRwcF2yXY02e009IQ00101bZL4KaM,6.366667,43:54,HD,I88MBGecyQVKRzo6NFuq02xLgXhqBB00enYJ2O02AGKYKs,https://stream.mux.com/I88MBGecyQVKRzo6NFuq02xLgXhqBB00enYJ2O02AGKYKs.m3u8,https://image.mux.com/I88MBGecyQVKRzo6NFuq02xLgXhqBB00enYJ2O02AGKYKs/thumbnail.jpg?time=0,1,homePage,homePage
937a1bfa-d4ba-4869-9d79-9df443334c77,2026-04-29T18:58:59Z,2026-04-29T18:59:12Z,Mq018T8ULOyiWbQ4V47o7aXI4QolJgukeV8sUDm2s5R00,4.833333,43:54,HD,E5RJTOXaiqwYHPNO8IFYspUiOrViAiq9XCWbkz1D9j4,https://stream.mux.com/E5RJTOXaiqwYHPNO8IFYspUiOrViAiq9XCWbkz1D9j4.m3u8,https://image.mux.com/E5RJTOXaiqwYHPNO8IFYspUiOrViAiq9XCWbkz1D9j4/thumbnail.jpg?time=0,1,homePage,homePage
5b400901-3cac-4e58-9762-18993ab5c2bd,2026-04-29T19:02:50Z,2026-04-29T19:03:06Z,bNQHUoQmdWneFSP3vq4g5gf87MBQheRmIsopOVaI02iQ,5.683333,43:27,HD,iN5007qthtdNrJY3c9LIXYWPjmdYFaAig502PdSrLLgFw,https://stream.mux.com/iN5007qthtdNrJY3c9LIXYWPjmdYFaAig502PdSrLLgFw.m3u8,https://image.mux.com/iN5007qthtdNrJY3c9LIXYWPjmdYFaAig502PdSrLLgFw/thumbnail.jpg?time=0,0,,
08eacee7-17fd-4248-9a7d-bdbdda81d3a7,2026-04-29T19:04:05Z,2026-04-29T19:04:19Z,qs95PwWuzyXO00V00aBVBz5kB6TlGejstp3Z02mFmDHMe8,5.683333,43:27,HD,zqOwkkAS9zCeLJq016siCak1olCG0202BGJXtLq2xxNEHI,https://stream.mux.com/zqOwkkAS9zCeLJq016siCak1olCG0202BGJXtLq2xxNEHI.m3u8,https://image.mux.com/zqOwkkAS9zCeLJq016siCak1olCG0202BGJXtLq2xxNEHI/thumbnail.jpg?time=0,1,homePage,homePage
8f25d4f9-b975-4ef6-a3e1-69494d30c65b,2026-05-06T18:02:12Z,2026-05-06T18:02:33Z,z8zGBfToT02A00g01qzhBxSoFn021k01rYtJ2v4KsF006IaME,9.126,137:90,HD,Nj2Lye9zBP02wkEgVa8z7hXx7A7voew7MyL9aM1HPMLc,https://stream.mux.com/Nj2Lye9zBP02wkEgVa8z7hXx7A7voew7MyL9aM1HPMLc.m3u8,https://image.mux.com/Nj2Lye9zBP02wkEgVa8z7hXx7A7voew7MyL9aM1HPMLc/thumbnail.jpg?time=0,1,releaseNote,1-30-0-keeping-tabs-tidy
97eb0a46-7c7d-4d84-9f0d-a73a4e9c3f6d,2026-05-13T15:04:04Z,2026-05-13T15:04:26Z,U02XT1IOt7Cnkb3aK01GklmB1OqtdalMAE2WY4Oledobs,7.083333,1024:603,UHD,O5O1ZMX9aiAgkyOvJKTznMcoFkUTt9701g9twv02wn01Pc,https://stream.mux.com/O5O1ZMX9aiAgkyOvJKTznMcoFkUTt9701g9twv02wn01Pc.m3u8,https://image.mux.com/O5O1ZMX9aiAgkyOvJKTznMcoFkUTt9701g9twv02wn01Pc/thumbnail.jpg?time=0,1,releaseNote,1-31-0-pr-hover
d2458012-3ff3-4114-a6b6-8926556e40cc,2026-06-18T13:47:56Z,2026-06-18T13:48:03Z,WjqhC00PYfmJdbsO01P401V1Nrkp18FgMyH2uCS6cMI7Jw,9.666667,212:135,HD,007xbk3OXiimg01qzvrDS9z1UyLWvUaRRqq1HwP021YnWc,https://stream.mux.com/007xbk3OXiimg01qzvrDS9z1UyLWvUaRRqq1HwP021YnWc.m3u8,https://image.mux.com/007xbk3OXiimg01qzvrDS9z1UyLWvUaRRqq1HwP021YnWc/thumbnail.jpg?time=0,1,releaseNote,1-36-0-pip-stash
ba8481f3-d8c9-4f5e-b5b7-4fe78b4d7f6a,2026-06-23T02:30:51Z,2026-06-23T02:30:51Z,2Y2yIeqtbqrB3ooq7aMCZs1k5LDBFQREL5Bgz7jLaA8,25.125,4:3,UHD,feMMnOT2ygI9feImGAI7F3EKPcNHVZqOnECB02Ce6Ht00,https://stream.mux.com/feMMnOT2ygI9feImGAI7F3EKPcNHVZqOnECB02Ce6Ht00.m3u8,https://image.mux.com/feMMnOT2ygI9feImGAI7F3EKPcNHVZqOnECB02Ce6Ht00/thumbnail.jpg?time=0,1,homePage,homePage
a1d4c4bb-e87e-46a8-8126-ae29ce60f042,2026-06-24T21:45:31Z,2026-06-25T00:09:46Z,15jjubuCwRkQmoCFxLDi3jONKpZ00fA5xGDzhizbgrCU,30.041667,4:3,UHD,sAOT00rQR0102Hi9VJlKiAKAWgdVQxPp66OgDvrhz2lX1Q,https://stream.mux.com/sAOT00rQR0102Hi9VJlKiAKAWgdVQxPp66OgDvrhz2lX1Q.m3u8,https://image.mux.com/sAOT00rQR0102Hi9VJlKiAKAWgdVQxPp66OgDvrhz2lX1Q/thumbnail.jpg?time=0,2,releaseNote,1-37-0-morning-brief | 1-39-1-reports
65072c3f-4340-41c5-b505-4be173a22d45,2026-07-01T18:57:34Z,2026-07-01T18:57:50Z,DzNVtNCHi6mwT9Lb2S1QJD1ixBeog6Mj4gwuKw51yvY,3.583333,512:313,UHD,S8E92I3CHWUGiGhY01HSTazLvwTvJpqzrdxZSJccE7Ac,https://stream.mux.com/S8E92I3CHWUGiGhY01HSTazLvwTvJpqzrdxZSJccE7Ac.m3u8,https://image.mux.com/S8E92I3CHWUGiGhY01HSTazLvwTvJpqzrdxZSJccE7Ac/thumbnail.jpg?time=0,0,,
d0723b67-004b-4ee3-9dc2-aa935dd8fed5,2026-07-01T19:56:34Z,2026-07-01T19:56:43Z,93hTB3fZ56dUOt7AtUijP00sjnOEktBkOVEC01um8uZnY,3.583333,512:313,UHD,SF3VbNCv65Lkj1rEcU8qZP3N1FJVWi25SlUjr1BRjW8,https://stream.mux.com/SF3VbNCv65Lkj1rEcU8qZP3N1FJVWi25SlUjr1BRjW8.m3u8,https://image.mux.com/SF3VbNCv65Lkj1rEcU8qZP3N1FJVWi25SlUjr1BRjW8/thumbnail.jpg?time=0,1,releaseNote,1-38-0-closing-the-week
